"t (s)","Inclination (deg)","Rotation (deg)"
5.065098333E-1,5.513501730E0,1.165202435E1
1.006525750E0,5.549739356E0,8.428300954E0
1.506540750E0,5.625827484E0,1.317586868E1
2.006554708E0,5.084274015E0,-1.728400801E0
2.506568708E0,5.987366800E0,3.285250884E0
3.006582500E0,4.572159376E0,-5.289284526E0
3.506595500E0,3.389307797E0,-1.267274633E1
4.006606833E0,4.041547938E0,3.737506735E0
4.506619833E0,4.874223022E0,-8.811397007E0
5.006632208E0,4.872970966E0,-2.759984678E0
5.506644208E0,4.335942592E0,-5.383397775E0
6.006655458E0,4.970051024E0,-1.199967359E1
6.506667458E0,4.728357967E0,-1.223211554E0
7.006679000E0,4.750806518E0,-1.232322969E0
7.506691000E0,4.698537770E0,-5.575878683E0
8.006701125E0,4.399784366E0,4.564394937E-1
8.506712125E0,4.046129422E0,1.734570835E0
9.006726083E0,2.513699851E0,-4.953243265E1
9.506739083E0,5.720809227E1,-1.482732668E2
1.000675250E1,1.362227519E1,7.166827053E1
1.050676850E1,1.055889365E1,1.484940170E2
1.100678421E1,5.473266971E0,-1.232517057E2
1.150680021E1,6.099645811E0,-1.166684264E2
1.200681683E1,6.462730520E0,-1.236218253E2
1.250683383E1,6.319212566E0,-1.225396605E2
1.300684996E1,6.015807945E0,-1.170182244E2
1.400688133E1,5.739672955E0,-1.162942347E2
1.450689833E1,5.376686210E0,-1.041327938E2
1.500691396E1,4.718685759E0,-9.956086054E1
1.550693096E1,4.047184852E0,-1.205291625E2
1.600694746E1,1.834411906E0,6.915908066E1
1.650696446E1,9.058028173E0,2.294979026E1
1.700698037E1,7.014736428E0,-4.708417902E1
1.750699737E1,4.062582472E0,-1.164126992E2
1.800701421E1,1.866819938E1,1.201116223E2
1.850703121E1,6.002065550E0,-7.009353228E1
1.900704621E1,5.122009726E0,-5.889090023E1
1.950706221E1,5.710089095E0,-6.063546801E1
2.000707846E1,5.274047450E0,-6.052662165E1
2.050709446E1,5.037409614E0,-5.815017249E1
2.100711100E1,5.063977892E0,-5.833413707E1
2.150712600E1,5.044686305E0,-5.706642506E1
2.200714046E1,5.026513301E0,-5.673297727E1
2.250715446E1,4.987529145E0,-5.687463991E1
2.300716858E1,5.064604795E0,-5.685625031E1
2.350718158E1,5.067937442E0,-5.721372511E1
2.400719508E1,5.142451645E0,-5.639754900E1
2.450720708E1,4.958689208E0,-5.513818198E1
2.550723121E1,5.047926391E0,-5.552605970E1
2.600724121E1,5.014693825E0,-5.644162735E1
2.650725121E1,5.053058113E0,-5.547182985E1
2.700726300E1,5.067324117E0,-5.579059086E1
2.750727300E1,5.066332952E0,-5.584888763E1
2.800728371E1,5.007571831E0,-5.535162584E1
2.850729371E1,5.017796436E0,-5.515889311E1
2.900730250E1,5.067976694E0,-5.611885494E1
2.950731150E1,4.987239569E0,-5.566978280E1
3.000732196E1,5.008133490E0,-5.550711422E1
3.050733096E1,4.974220955E0,-5.603887226E1
3.100734012E1,5.036053688E0,-5.571651819E1
3.150734912E1,5.009104365E0,-5.479554983E1
3.200735633E1,4.933693055E0,-5.600235295E1
3.250736533E1,4.997248982E0,-5.577757955E1
3.300737412E1,4.977633643E0,-5.575329621E1
3.350738212E1,5.010198467E0,-5.542030926E1
3.400738958E1,5.041343501E0,-5.609249223E1
3.450739758E1,5.038336956E0,-5.687292196E1
3.500740521E1,5.006087423E0,-5.584389515E1
3.550741221E1,5.033680911E0,-5.536931911E1
3.600741833E1,4.987536169E0,-5.586434522E1
3.650742533E1,5.036486377E0,-5.612014735E1
3.700743121E1,5.063140381E0,-5.621013346E1
3.750743821E1,5.015042149E0,-5.543581167E1
3.800744412E1,4.992035441E0,-5.564704500E1
3.850745012E1,5.037086737E0,-5.537051239E1
3.900745621E1,5.141840830E0,-5.451121035E1
3.950746121E1,6.570806046E0,-3.855952612E1
4.000746858E1,8.709615646E0,-2.723712688E1
4.100747771E1,9.114539416E0,-2.545619105E1
4.150748371E1,9.223546232E0,-2.532338119E1
4.200748883E1,9.056262141E0,-2.579787715E1
4.250749383E1,9.141573415E0,-2.594055855E1
4.300749933E1,9.162547998E0,-2.437803227E1
4.350750333E1,9.090416355E0,-2.571496142E1
4.400750696E1,9.003520906E0,-2.586313563E1
4.450751196E1,8.957241793E0,-2.585926197E1
4.500751771E1,9.174243541E0,-2.556257661E1
4.550752171E1,9.001234859E0,-2.568865879E1
4.600752437E1,9.042967537E0,-2.541582653E1
4.650752837E1,9.252840588E0,-2.487891975E1
4.700753171E1,8.859593222E0,-2.647629921E1
4.750753571E1,8.914870188E0,-2.684729411E1
4.800753846E1,8.649112103E0,-2.639051242E1
4.850754146E1,9.077819725E0,-2.610903418E1
4.900754500E1,8.830726542E0,-2.538623929E1
4.950754800E1,8.956925774E0,-2.630277732E1
5.000755100E1,8.848537793E0,-2.586978540E1
5.050755258E1,8.921755382E0,-2.695861505E1
5.100755558E1,9.015628692E0,-2.655502479E1
5.150755821E1,9.149703047E0,-2.754079736E1
5.200756021E1,8.878844197E0,-2.514551987E1
5.250756362E1,9.275396085E0,-3.037331052E1
5.300756662E1,8.676828626E0,-2.497741962E1
5.350756983E1,9.749933633E0,-3.655500512E1
5.400757283E1,8.498479404E0,-2.357286812E1
5.450757558E1,8.905284919E0,-3.034558526E1
5.500757858E1,9.315451697E0,-3.686561761E1
5.550758075E1,9.682821121E0,-3.494897145E1
5.650758750E1,9.320376131E0,-3.590913595E1
5.700759050E1,9.481481900E0,-4.241996628E1
5.750759262E1,9.168954927E0,-4.063172256E1
5.800759462E1,9.059185943E0,-4.221058753E1
5.850759858E1,9.233519424E0,-4.113252886E1
5.900760058E1,9.467977490E0,-4.130274061E1
5.950760283E1,7.322035085E0,-4.563547879E1
6.000760483E1,7.554917962E0,-6.906559047E1
6.050760638E1,5.539671658E0,-8.729575554E1
6.100760737E1,5.202714034E0,-7.615306680E1
6.150760871E1,7.134553596E0,-8.260831639E1
6.200760971E1,5.636790506E0,-8.064009461E1
6.250761287E1,4.372029050E0,-6.037308805E1
6.300761487E1,4.620239111E0,-5.688783770E1
6.350761675E1,5.164209876E0,-5.428342532E1
6.400762075E1,5.371825880E0,-5.744083444E1
6.450762458E1,5.104880442E0,-5.357407778E1
6.500762958E1,5.074123901E0,-5.088854690E1
6.550763571E1,4.932197170E0,-5.544064108E1
6.600764171E1,5.756379165E0,-6.392530964E1
6.650764746E1,4.962755904E0,-5.875066153E1
6.700765446E1,8.931451752E0,3.336613613E1
6.750766200E1,4.113161681E0,1.425468193E2
6.800766800E1,1.450088297E0,-7.473301390E1
6.850767433E1,4.471650283E0,-8.884366781E1
6.900768033E1,1.780370829E0,-1.337405349E1
6.950768696E1,4.421766762E-1,1.175442146E1
7.050769837E1,2.904975303E0,-1.644056208E2
7.100770337E1,3.670825981E0,-1.630696519E2
7.150770796E1,3.550131496E0,-1.688960381E2
7.200771296E1,4.006686007E0,-1.703977889E2
7.250771896E1,4.165875734E0,1.772616440E2
7.300772296E1,5.063784540E0,1.761998115E2
7.350772662E1,4.721290813E0,1.739769206E2
7.400773062E1,4.726280317E0,1.691360470E2
7.450773358E1,5.061262581E0,1.762827853E2
7.500773758E1,5.351123176E0,1.771691536E2
7.550774433E1,5.954041335E0,1.771617731E2
7.600774833E1,4.342894880E0,1.691344261E2
7.650775300E1,4.491481000E0,1.704888627E2
7.700775800E1,3.339612666E0,1.710567107E2
7.750776125E1,3.083913674E0,1.738236901E2
7.800776625E1,3.395353485E0,1.762441455E2
7.850777158E1,3.574840819E0,1.759885317E2
7.900777558E1,3.592248387E0,1.768638339E2
7.950777838E1,4.322828105E0,-1.770764149E2
8.000778238E1,4.214160048E0,-1.795170122E2
8.050778621E1,4.120266148E0,-1.737085614E2
8.100778921E1,3.317487587E0,-1.760249738E2
8.150779158E1,2.468170582E0,-1.680542787E2
8.200779458E1,2.512848179E0,-1.652421117E2
8.300780037E1,3.038395423E0,-1.705211755E2
8.350780275E1,2.547317829E0,-1.656298410E2
8.400780475E1,2.597727315E0,-1.675740571E2
8.450780596E1,2.521353993E0,-1.666958080E2
8.500780796E1,1.880051322E0,-1.603355014E2
8.550780933E1,1.922577565E0,-1.613347507E2
8.600781033E1,1.988483635E0,-1.602569302E2
8.650781158E1,2.061779555E0,-1.578369937E2
8.700781258E1,1.903811096E0,-1.588387402E2
8.750781346E1,2.577991792E0,-1.637870203E2
8.800781446E1,3.369079132E0,-1.682656621E2
8.850781433E1,3.387619493E0,-1.682054426E2
8.900781433E1,3.357608685E0,-1.677058628E2
8.950781496E1,3.354932010E0,-1.689688336E2
9.000781496E1,4.249885193E0,-1.715124707E2
9.050781508E1,4.609956479E0,-1.715383520E2
9.100781508E1,4.811161875E0,-1.708703781E2
9.150781371E1,4.656995165E0,-1.711770294E2
9.200781271E1,4.619165576E0,-1.718327649E2
9.250781387E1,4.677432553E0,-1.704862549E2
9.300781288E1,3.726724347E0,-1.693828485E2
9.350781183E1,3.846755288E0,-1.692680113E2
9.400781083E1,3.772692760E0,-1.678810800E2
9.450780946E1,3.635970590E0,-1.703389545E2
9.500780846E1,3.303400614E0,-1.696113938E2
9.550780675E1,2.429377556E0,-1.628436448E2
9.600780575E1,6.739527130E-1,-7.539811594E1
9.650780358E1,7.342552161E-1,-6.253784200E1
9.700780158E1,7.026474458E-1,-6.420829820E1
9.800779750E1,6.861758284E-1,-6.548271448E1
9.850779483E1,7.157269315E-1,-6.118610415E1
9.900779283E1,7.006645780E-1,-6.307948041E1
9.950779096E1,6.470516462E-1,-6.322507511E1
1.000077890E2,6.172822900E-1,-6.137642317E1
1.005077863E2,6.628408911E-1,-6.449396307E1
1.010077842E2,7.441967879E-1,-6.568545705E1
1.015077818E2,7.073136647E-1,-6.561536988E1
1.020077788E2,7.160091394E-1,-6.587226973E1
1.025077770E2,7.049796046E-1,-6.552042828E1
1.025077770E2,7.049796046E-1,-6.552042828E1
1.032682866E2,7.226118858E-1,-6.675544785E1
1.037687696E2,7.104999409E-1,-6.671724731E1
1.042692881E2,7.294910728E-1,-6.393127234E1
1.047698101E2,7.371048094E-1,-6.595384725E1
1.057708385E2,8.071037990E-1,-6.573790298E1
1.062713197E2,7.416515627E-1,-6.699799436E1
1.067718098E2,7.173576319E-1,-6.002775569E1
1.072723353E2,7.891376089E-1,-6.113860404E1
1.077728533E2,7.614417949E-1,-6.212691752E1
1.082733787E2,7.469442293E-1,-6.428326431E1
1.087739297E2,7.541126340E-1,-6.463468506E1
1.092744859E2,7.582877056E-1,-6.617970068E1
1.097750569E2,6.800073606E-1,-6.469984475E1
1.102756157E2,6.777610865E-1,-6.721346107E1
1.107761407E2,7.096760975E-1,-6.512525800E1
1.112766344E2,6.958163541E-1,-6.564629367E1
1.117771374E2,7.192424902E-1,-6.415858026E1
1.122776366E2,7.220217844E-1,-6.321530561E1
1.127781606E2,7.621284082E-1,-6.370240643E1
1.132786560E2,6.992994456E-1,-6.525016675E1
1.137791580E2,7.443999147E-1,-6.379988516E1
1.142796914E2,7.366732621E-1,-6.285188389E1
1.147802104E2,7.174785456E-1,-6.393946658E1
1.152807387E2,7.368365708E-1,-6.497066083E1
1.157812587E2,6.983923387E-1,-6.353228017E1
1.162817461E2,6.951138860E-1,-6.659132590E1
1.167819901E2,1.354263889E0,-2.777251177E1
1.172819847E2,4.336315457E0,-7.320814918E0
1.177819787E2,6.335800194E0,-3.395726620E0
1.182819735E2,7.481516964E0,-4.164380705E0
1.187819685E2,7.561918784E0,-4.576586266E0
1.192819636E2,7.498398040E0,-4.125379227E0
1.197819586E2,7.296791891E0,-3.859344074E0
1.202819512E2,7.306042863E0,-6.020023146E0
1.207819452E2,4.689171945E0,-9.712784526E0
1.217819333E2,9.720708054E0,1.905748787E0
1.222819265E2,6.286610414E0,-8.887851691E0
1.227819205E2,6.350864532E0,-6.236605078E0
1.232819140E2,6.442924237E0,-5.928047911E0
1.237819070E2,6.461819049E0,-3.736966348E0
1.242818988E2,6.388286902E0,-6.287955895E0
1.247818918E2,6.418619933E0,-8.942102782E-1
1.252818856E2,6.362752166E0,-6.793830560E0
1.257818786E2,6.436818898E0,-5.686305639E0
1.262818715E2,6.348166192E0,-5.352598398E0
1.267818635E2,5.984478218E0,-5.016056693E0
1.272818561E2,5.809729239E0,-5.696894411E0
1.277818491E2,6.049525935E0,-7.222427774E0
1.282818410E2,5.669317388E0,-6.917387840E0
1.287818330E2,5.762418009E0,-8.859429319E0
1.292818233E2,6.053727298E0,-9.674670822E0
1.297818153E2,5.591198363E0,-7.187889886E0
1.302818068E2,5.534740743E0,-1.006519186E1
1.307817988E2,5.155786014E0,-1.122996769E1
1.312817892E2,5.118040193E0,-1.317921952E0
1.317817812E2,4.575725502E0,2.079350547E0
1.322817726E2,3.686054831E0,5.745344580E0
1.327817636E2,3.896043933E0,-2.476899261E0
1.332817563E2,4.011919365E0,1.041913913E1
1.337817473E2,4.008398546E0,4.092701156E0
1.342817372E2,3.484341158E0,1.208673863E1
1.347817283E2,3.236376303E0,8.526149821E0
1.352817200E2,3.698446564E0,4.238426060E0
1.357817110E2,3.867317990E0,1.556522439E1
1.362817021E2,3.155370640E0,4.039382324E0
1.372816827E2,4.023882723E0,2.743972795E1
1.377816737E2,2.105425569E0,7.737114759E0
1.382816637E2,9.015823549E-1,7.071769575E1
1.387816547E2,1.742267992E0,-1.757870321E2
1.392816451E2,1.383600099E0,1.585863375E2
1.397816361E2,1.167011009E0,-1.488873462E2
1.402816246E2,2.577750729E-1,-1.411886160E2
1.407816146E2,4.170957137E-1,-2.927036124E1
1.412816055E2,1.118858632E0,-6.630431659E1
1.417815955E2,9.087261283E-1,-2.421243923E1
1.422815858E2,1.391724008E0,-5.638000065E1
1.427815758E2,9.873814552E-1,-7.077714317E1
1.432815662E2,1.446949365E0,-1.678530813E2
1.437815552E2,1.925305366E0,-1.722670265E2
1.442815448E2,2.362951086E0,-1.401029819E2
1.447815338E2,2.329674770E0,-1.401576882E2
1.452815231E2,2.083598474E0,-1.552543076E2
1.457815131E2,2.357515028E0,-1.483568492E2
1.462815016E2,2.501586293E0,-1.514301872E2
1.467814906E2,2.559244410E0,-1.481555774E2
1.472814786E2,2.443375810E0,-1.572762255E2
1.477814666E2,2.436903859E0,-1.521662390E2
1.482814562E2,2.273618246E0,-1.601895497E2
1.487814452E2,2.834705088E0,-1.504952080E2
1.492814346E2,3.479563489E0,-1.727306842E2
1.497814236E2,3.605965181E0,-1.658301523E2
1.502814122E2,3.230297309E0,-1.676542344E2
1.507814012E2,2.597715364E0,-1.789637047E2
1.512813905E2,2.311612459E0,-1.500818298E2
1.522813682E2,2.450277437E0,-1.478658287E2
1.527813562E2,2.767105976E0,-1.798535106E2
1.532813461E2,2.471436870E0,-1.595550398E2
1.537813351E2,2.373331996E0,-1.529351493E2
1.542813222E2,2.021011445E0,-1.699876815E2
1.547813112E2,1.804488522E0,-1.502342421E2
1.552813007E2,1.971179205E0,-1.503372043E2
1.557812888E2,1.866589378E0,-1.522867694E2
1.562812762E2,1.978701423E0,-1.655574539E2
1.567812652E2,1.995222156E0,-1.499452117E2
1.572812540E2,1.861319578E0,-1.540496868E2
1.577812420E2,2.017332838E0,-1.515431534E2
1.582812305E2,1.594327692E0,-1.238138736E2
1.587812185E2,1.705403177E0,1.709275061E2
1.592812065E2,1.765701289E0,-1.514779667E2
1.597811945E2,1.524608246E0,1.610265729E2
1.602811831E2,1.935648219E0,-1.676609127E2
1.607811711E2,2.998371854E0,-1.673216917E2
1.612811568E2,3.183508036E0,-1.641364109E2
1.617811448E2,3.108966893E0,-1.707378625E2
1.622811338E2,3.005070947E0,-1.621868747E2
1.627811218E2,2.917722843E0,-1.625884701E2
1.632811090E2,2.830347264E0,-1.674148524E2
1.637810960E2,2.848430358E0,-1.677653494E2
1.647810724E2,2.960217402E0,-1.662637317E2
1.653010604E2,2.558361846E0,-1.779876795E2
1.658010484E2,2.966061078E0,-1.640218503E2
1.663010365E2,2.899134288E0,-1.660272257E2
1.668010255E2,2.746493014E0,-1.672652012E2
1.673010132E2,2.885454979E0,-1.702831968E2
1.678010022E2,2.697070708E0,-1.674545268E2
1.683009922E2,2.353670815E0,-1.650489211E2
1.688009803E2,1.667144107E0,-1.605174293E2
1.693009695E2,1.629552693E0,-1.618835790E2
1.698009585E2,1.646665582E0,-1.639570903E2
1.703009471E2,1.846070060E0,-1.623475708E2
1.708009361E2,1.902658927E0,-1.625579315E2
1.713009268E2,2.955096353E0,-1.696102938E2
1.718009167E2,3.594481954E0,-1.710725766E2
1.723009050E2,3.458773297E0,-1.699599208E2
1.728008950E2,2.627565829E0,-1.660571557E2
1.733008862E2,2.098863403E0,-1.660630559E2
1.738008762E2,3.415443495E0,-1.716302205E2
1.743008653E2,4.073878440E0,-1.727470295E2
1.748008553E2,3.945090685E0,-1.714139823E2
1.753008459E2,3.902859937E0,-1.727123949E2
1.758008359E2,4.000129718E0,-1.728032607E2
1.763008266E2,4.223349333E0,-1.719626228E2
1.768008156E2,4.710683325E0,-1.743958590E2
1.773008046E2,4.667520992E0,-1.735430047E2
1.778007946E2,5.097970979E0,-1.736466801E2
1.783007842E2,5.137055410E0,-1.714711841E2
1.788007742E2,4.900941462E0,-1.738732956E2
1.793007617E2,3.040156677E0,-1.709025274E2
1.798007508E2,2.648911957E0,-1.662093017E2
1.808007306E2,4.849238067E-1,-5.552906914E1
1.813007200E2,6.469989097E-1,-5.906304224E1
1.818007080E2,6.417006857E-1,-5.650674926E1
1.823006961E2,6.223366336E-1,-6.176520250E1
1.828011651E2,5.848794608E-1,-5.539788567E1
1.833016582E2,5.798038461E-1,-5.117680118E1
1.838021702E2,5.249165936E-1,-5.259464337E1
1.843026770E2,7.191808982E-1,-6.359235441E1
1.848031850E2,6.772384298E-1,-5.732777071E1
1.853036926E2,5.630226322E-1,-5.688212488E1
1.858042256E2,4.971719206E-1,-5.698463078E1
1.863047766E2,6.228116686E-1,-5.189742755E1
1.868052926E2,6.138688049E-1,-6.173286193E1
1.873058201E2,5.371249066E-1,-5.756495646E1
1.878063121E2,5.828538374E-1,-6.219295847E1
1.883068387E2,6.521347077E-1,-6.280954975E1
1.888073827E2,5.519953557E-1,-4.720259816E1
1.893079167E2,5.298536460E-1,-4.817608358E1
1.898084807E2,4.996955726E-1,-5.288749641E1
1.903090498E2,5.573028646E-1,-5.661148642E1
1.908096018E2,6.126880423E-1,-5.754782390E1
1.913101206E2,6.370860928E-1,-5.597900173E1
1.918106566E2,6.009826747E-1,-5.383659113E1
1.923111951E2,6.254236314E-1,-5.403819604E1
1.928117591E2,5.542904473E-1,-5.270989211E1
1.933123053E2,5.908360389E-1,-5.852166857E1
1.938128422E2,6.195629842E-1,-5.483356396E1
1.943133926E2,5.629799314E-1,-5.586153987E1
1.953145205E2,4.563203242E-1,-5.970355182E1
1.958150735E2,6.120108486E-1,-5.910710143E1
1.963156243E2,5.671406565E-1,-4.986317709E1
1.968161893E2,5.538075487E-1,-5.701818859E1
1.973167605E2,5.365498126E-1,-6.157781443E1
1.978173005E2,6.450393955E-1,-5.833590680E1
1.983178222E2,6.742944011E-1,-6.037625125E1
1.988183652E2,6.374797121E-1,-5.597900173E1
1.993188811E2,6.436389706E-1,-5.473698827E1
1.998194341E2,5.746227180E-1,-5.667673783E1
2.003199939E2,5.659494001E-1,-5.826948277E1
2.008205479E2,5.898873233E-1,-5.462175353E1
2.008205479E2,5.898873233E-1,-5.462175353E1
2.016213071E2,9.216673749E-1,-2.082016826E1
2.021212931E2,4.131385808E0,-8.138688564E0
2.026212797E2,6.578263778E0,-5.245566451E0
2.036212531E2,6.853769744E0,-3.742714196E0
2.041212391E2,6.945591334E0,-3.790947997E0
2.046212243E2,6.746473542E0,-3.056072359E0
2.051212103E2,6.798116132E0,-3.189309966E0
2.056211975E2,6.675803014E0,-3.088914719E0
2.061211835E2,6.620970889E0,-4.240578927E0
2.066211692E2,6.829888536E0,-2.827397551E0
2.071211552E2,6.694174124E0,-3.310817418E0
2.076211398E2,6.734707260E0,-3.125829642E0
2.081211258E2,6.541506689E0,-4.531612074E0
2.086211122E2,6.636783244E0,-2.992834664E0
2.091210972E2,6.733278790E0,-3.110513839E0
2.096210841E2,6.289518724E0,-6.326177858E0
2.101210691E2,6.520915164E0,-8.943232693E-1
2.106210550E2,6.217645355E0,-4.923647950E0
2.111210400E2,6.730819937E0,-5.298595461E0
2.116210257E2,6.495074668E0,-7.450952329E0
2.121210107E2,6.556337767E0,-4.792808558E0
2.126209956E2,6.351437162E0,-4.747179279E0
2.131209806E2,6.314343241E0,-2.801448477E0
2.136209661E2,6.104190487E0,4.922657347E0
2.141209511E2,6.031130262E0,-6.568963686E0
2.146209345E2,5.730144713E0,1.087721133E-1
2.156209043E2,5.046613676E0,3.647148091E0
2.161208883E2,4.879004770E0,-2.162818458E0
2.166208731E2,5.087287669E0,-7.438764846E0
2.171208571E2,4.961989005E0,-8.050764992E0
2.176208426E2,4.936697171E0,-4.723433532E0
2.181208266E2,4.437666437E0,-6.067226781E0
2.186208107E2,4.537281372E0,-9.510960379E0
2.191207958E2,4.312880494E0,-7.955395277E0
2.196207801E2,4.786010967E0,-7.368482445E-1
2.201207641E2,4.346806488E0,-9.248728728E0
2.206207467E2,4.460635057E0,7.783962646E-1
2.211207307E2,4.853432876E0,-1.061232734E1
2.216207162E2,2.292841988E0,7.069691215E0
2.221207003E2,1.278065137E0,-9.196646456E1
2.226206836E2,7.948987859E-1,-1.309794329E2
2.231206666E2,1.586309017E0,-1.614852799E2
2.236206507E2,1.730613238E0,1.711761380E2
2.241206347E2,1.023411356E0,1.321583529E2
2.246206215E2,4.347452363E-1,-1.191946386E2
2.251206065E2,1.418687055E0,1.167803856E2
2.256205910E2,1.586564401E0,-9.891998847E1
2.261205760E2,1.204505334E0,-3.678315164E1
2.266205596E2,4.668912896E-1,-3.846905424E1
2.271205456E2,2.460215341E0,-7.624844152E1
2.276205313E2,8.760828743E-1,-6.742408363E1
2.286205035E2,3.357385610E-1,5.407328277E1
2.291204895E2,4.276045941E-1,-1.303114153E2
2.296204742E2,1.421609230E0,-6.832708650E1
2.301204612E2,6.563130124E-1,-2.361374658E0
2.306204481E2,9.712383829E-1,-4.314521490E1
2.311204351E2,6.246350221E-1,-3.164465904E1
2.316204216E2,3.109090612E-1,-4.978253248E1
2.321204086E2,2.596393918E-1,-7.581784229E1
2.326203941E2,1.154390419E0,-8.370763443E1
2.331203811E2,6.511345674E-1,-3.076740439E1
2.336203682E2,6.808173313E-1,1.040329273E1
2.341203552E2,1.076572859E0,-4.855502532E1
2.346203396E2,4.712069814E-1,-1.295382527E1
2.351203266E2,6.910691055E-1,-3.632855935E1
2.356203130E2,8.001882138E-1,-1.302266629E1
2.361202990E2,6.432430310E-1,7.826805406E-1
2.366202860E2,1.665651868E0,-8.639934971E1
2.371202720E2,8.882137174E-1,-6.432702554E1
2.376202575E2,9.574184767E-1,-3.227564431E1
2.381202435E2,2.899033734E-1,1.013668965E1
2.386202295E2,6.845542322E-1,-4.420353908E1
2.391202155E2,6.645482847E-1,-3.613927906E1
2.396201997E2,9.159171859E-1,-2.960878706E1
2.406201721E2,4.811742597E-1,3.622002827E1
2.411201581E2,7.240865005E-1,-4.544414443E1
2.416201423E2,8.070285194E-1,-7.378881454E1
2.421201283E2,4.333505425E-1,-5.014937326E1
2.426201139E2,8.414834999E-1,-5.275003642E1
2.431200989E2,4.188153277E-1,-6.440688577E1
2.436200828E2,6.549306681E-1,-2.805426743E1
2.441200688E2,1.168075246E0,-5.873898188E1
2.446200546E2,1.009737102E-1,5.382637095E1
2.451200396E2,2.841207940E-1,4.204127785E1
2.456200250E2,1.972536402E0,-1.628953967E2
2.461200110E2,2.872654161E0,-1.624621281E2
2.466199961E2,2.636210706E0,-1.688254649E2
2.471199821E2,2.727103291E0,-1.744866739E2
2.476199682E2,2.837337914E0,1.725950573E2
2.481199542E2,2.728621410E0,-1.777468429E2
2.486199395E2,2.524619038E0,-1.787606212E2
2.491199255E2,2.977840883E0,-1.627648742E2
2.496199121E2,4.327479144E0,-1.656926429E2
2.501198981E2,4.036413749E0,1.779274143E2
2.506198830E2,4.175212458E0,-1.581513724E2
2.511198680E2,4.047751568E0,-1.774130208E2
2.516198551E2,4.370982126E0,-1.752229585E2
2.521198411E2,4.424533306E0,-1.736183651E2
2.531198121E2,5.055486673E0,-1.776245732E2
2.536197973E2,5.194162065E0,-1.756385917E2
2.541197823E2,5.088549379E0,1.781050574E2
2.546197672E2,5.179596774E0,-1.764663795E2
2.551197532E2,5.050901188E0,-1.784513093E2
2.556197376E2,4.984441752E0,-1.741561494E2
2.561197226E2,4.938072204E0,-1.790178250E2
2.566197087E2,5.043557903E0,-1.735974867E2
2.571196937E2,5.050279455E0,-1.753971737E2
2.576196783E2,4.286168841E0,-1.715651805E2
2.581196633E2,1.976264299E0,-1.687405039E2
2.586196485E2,1.771923155E0,-1.670118178E2
2.591196335E2,1.807044446E0,-1.591131665E2
2.596196191E2,1.820607947E0,-1.632291394E2
2.601196031E2,2.441428008E0,-1.692846711E2
2.606195877E2,2.726594851E0,-1.700547664E2
2.611195727E2,2.495412644E0,-1.682274912E2
2.616195567E2,3.015847568E0,-1.728410016E2
2.621195407E2,4.425201357E0,-1.745558053E2
2.626195271E2,4.363879829E0,-1.721533373E2
2.631195111E2,4.743537164E0,-1.758808720E2
2.636194962E2,5.258954996E0,-1.747423094E2
2.641194812E2,5.219170901E0,-1.740684731E2
2.646194645E2,5.261440219E0,-1.744189704E2
2.651194485E2,5.216440815E0,-1.731693900E2
2.656194332E2,5.237206216E0,-1.746417535E2
2.661194172E2,4.660976244E0,-1.740452991E2
2.666194028E2,3.969614203E0,-1.741715901E2
2.676193712E2,4.691916806E0,-1.737167246E2
2.681193552E2,4.471557605E0,-1.742704720E2
2.686193382E2,4.563487036E0,-1.724330558E2
2.691193222E2,4.315324962E0,-1.748800641E2
2.696193070E2,3.844962638E0,-1.730931491E2
2.701192910E2,1.641011085E0,-2.194320235E1
2.706192744E2,5.193219257E-1,-4.954648338E1
2.711192584E2,5.763187334E-1,-5.267273096E1
2.716192417E2,5.290522117E-1,-5.569872981E1
2.721192257E2,5.242177664E-1,-5.593457944E1
2.726192092E2,5.378624440E-1,-5.495407249E1
2.731191932E2,5.324885258E-1,-4.439549486E1
2.736191780E2,5.323889860E-1,-5.316815999E1
2.741191610E2,4.917907681E-1,-5.199873492E1
2.746191451E2,5.526609814E-1,-5.103954199E1
2.751191281E2,5.240132938E-1,-5.164198395E1
2.756191113E2,4.980662438E-1,-5.323187095E1
2.761190943E2,5.229660871E-1,-5.491275144E1
2.766190781E2,5.304965663E-1,-5.697212882E1
2.771190611E2,5.347207020E-1,-5.009739974E1
2.776190450E2,5.544688067E-1,-5.296577456E1
2.781190290E2,4.953156606E-1,-4.709437262E1
2.786190122E2,4.901554732E-1,-5.439028229E1
2.791189952E2,5.211808663E-1,-4.960954444E1
2.796189770E2,4.915066368E-1,-5.399534500E1
2.801189600E2,5.200371899E-1,-4.678991061E1
2.806189434E2,4.846463737E-1,-5.729619277E1
2.811189264E2,5.439659697E-1,-4.889301875E1
2.816189100E2,5.707812421E-1,-5.375093015E1
2.826188756E2,4.999513735E-1,-5.594499614E1
2.831188596E2,4.560342737E-1,-5.637147464E1
2.836188422E2,4.715031163E-1,-5.031805902E1
2.841188252E2,5.399010032E-1,-5.865041913E1
2.846188092E2,4.904054583E-1,-5.350187941E1
2.851187922E2,5.719535145E-1,-5.196204626E1
2.856187770E2,5.968484628E-1,-5.071657079E1
2.861187610E2,6.816210252E-1,-4.521064530E1
2.866187435E2,4.797995670E0,-3.619213517E0
2.871187275E2,5.706651010E0,-2.442042419E0
2.876187117E2,5.575366744E0,-5.251703916E0
2.881186957E2,5.613615212E0,-3.301517596E0
2.886186799E2,5.513437473E0,-3.804998802E0
2.891186639E2,5.672357888E0,-4.348183601E0
2.896186480E2,5.656270873E0,-3.549027585E0
2.901186320E2,6.680052585E0,-1.549783549E0
2.906186153E2,6.597254380E0,-3.002007339E0
2.911185993E2,6.729010523E0,-2.202309354E0
2.916185831E2,6.685268792E0,-2.832990868E0
2.921185671E2,6.831123029E0,-2.971137670E0
2.926185511E2,6.729024143E0,-2.902886776E0
2.931185351E2,6.777696530E0,-1.926447493E0
2.936185187E2,6.810969424E0,-3.479156139E0
2.941185027E2,6.813100990E0,-1.483858636E0
2.946184861E2,6.393598319E0,-7.711368428E-1
2.951184701E2,6.614280082E0,-1.024395030E0
2.956184544E2,6.388568532E0,-4.055229204E0
2.961184374E2,6.231414331E0,-3.102058118E0
2.966184203E2,6.342975319E0,-1.303208777E0
2.971184033E2,6.532479928E0,-9.666624767E-1
2.981183713E2,5.896532232E0,-1.471853466E0
2.986183555E2,6.199212390E0,-4.865380168E0
2.991183385E2,5.956513661E0,1.255832459E0
2.996183220E2,5.616764687E0,-6.491846713E0
3.001183060E2,5.744322955E0,-5.106373158E0
3.006182897E2,5.346528922E0,-1.781113063E-1
3.011182727E2,5.113661072E0,-7.112794553E0
3.016182578E2,5.145062939E0,-3.828931855E0
3.021182408E2,5.212288679E0,-7.580526306E0
3.026182251E2,4.484273867E0,-8.906175501E0
3.031182081E2,4.723047818E0,-8.209536144E0
3.036181910E2,4.626614057E0,-6.382785401E0
3.041181750E2,4.184245669E0,-6.937069817E0
3.046181581E2,4.492223566E0,4.713841740E0
3.051181411E2,4.142338538E0,-4.966099433E0
3.056181251E2,4.316941094E0,4.998072492E0
3.061181081E2,4.271125188E0,2.179556668E0
3.066180897E2,3.653015923E0,-3.919408212E0
3.071180727E2,1.365246105E0,-1.325284954E1
3.076180573E2,9.056731139E-1,-1.667014297E2
3.081180403E2,1.019762737E0,-1.707253983E2
3.086180226E2,1.179453110E0,-1.098552144E2
3.091180046E2,6.105141662E-1,-7.050077533E1
3.096179880E2,9.225421750E-1,-4.133655784E1
3.101179710E2,1.764931983E0,-2.467546116E1
3.106179535E2,2.308088139E0,-3.202863919E1
3.111179355E2,2.152114719E0,-2.431870586E1
3.116179191E2,2.432428870E0,-3.043176763E1
3.121179011E2,2.863882165E0,-3.896755166E1
3.126178840E2,2.071395926E0,-2.762456172E1
3.136178481E2,2.864337979E0,-4.181877010E1
3.141178301E2,2.131206956E0,-2.802177274E1
3.146178128E2,2.345413439E0,-2.619436368E1
3.151177948E2,2.709746611E0,-3.213908842E1
3.156177761E2,2.881405808E0,-3.420276775E1
3.161177581E2,3.092393399E0,-3.694451415E1
3.166177406E2,2.999258679E0,-3.170736310E1
3.171177226E2,2.524422999E0,-3.241177424E1
3.176177038E2,2.912007532E0,-3.198861644E1
3.181176858E2,2.951677892E0,-4.077825238E1
3.186176668E2,2.810424277E0,-3.616641846E1
3.191176478E2,2.558644706E0,-1.584229092E1
3.196176311E2,2.418676487E0,-3.416954309E1
3.201176131E2,2.585121307E0,-3.120194880E1
3.206175932E2,2.154043866E0,-2.848392983E1
3.211175752E2,2.356654737E0,-1.817533222E1
3.216175576E2,2.447067376E0,-1.227015328E1
3.221175386E2,2.029964960E0,-1.392910417E1
3.226175197E2,2.265207597E0,-1.331994787E1
3.231175007E2,2.309042886E0,-2.060056407E1
3.236174816E2,2.309100683E0,3.894050111E0
3.241174626E2,2.432167531E0,-2.031647195E1
3.246174449E2,2.387456407E0,-9.073753979E0
3.251174259E2,2.468101951E0,-3.918248864E0
3.256174062E2,2.324467493E0,-1.362763096E1
3.266173691E2,2.294866529E0,-1.285599025E1
3.271173511E2,2.290250041E0,-1.028690228E1
3.276173319E2,2.670400262E0,-1.590149505E1
3.281173139E2,2.724195145E0,-1.959075419E1
3.286172958E2,2.189269148E0,-5.256346064E-1
3.291172768E2,2.699614717E0,-1.042580853E1
3.296172577E2,2.409475191E0,-1.904757212E1
3.301172397E2,1.905379157E0,3.632950739E0
3.306172225E2,2.207063094E0,7.376210709E0
3.311172055E2,1.510465482E0,9.295075115E0
3.316171880E2,3.419646101E-1,-1.321975485E2
3.321171700E2,2.237109890E0,-1.791482476E2
3.326171520E2,2.060893461E0,-1.564236687E2
3.331171340E2,2.345975987E0,1.616906561E2
3.336171155E2,2.169172503E0,-1.632426312E2
3.341170985E2,1.983466499E0,1.796308652E2
3.346170801E2,2.865723463E0,-1.509241569E2
3.351170621E2,2.408031353E0,-1.705956936E2
3.356170456E2,3.247412598E0,-1.394565799E2
3.361170276E2,2.694423487E0,-1.499506351E2
3.366170087E2,2.882955575E0,-1.425703317E2
3.371169917E2,2.698662401E0,-1.583330955E2
3.376169743E2,2.506784791E0,-1.647431368E2
3.381169573E2,2.668607348E0,-1.689653318E2
3.391169240E2,2.171986553E0,-1.662141979E2
3.396169061E2,2.313125140E0,-1.677727708E2
3.401168901E2,1.934060974E0,-1.791291501E2
3.406168722E2,2.281577771E0,-1.744687962E2
3.411168552E2,2.384932151E0,-1.746727816E2
3.416168385E2,2.321116417E0,1.507714998E2
3.421168225E2,3.095053752E0,-1.446501137E2
3.426168058E2,2.069186005E0,1.677496974E2
3.431167898E2,2.622484547E0,1.729903132E2
3.436167734E2,2.859310954E0,-1.517683995E2
3.441167574E2,2.536765373E0,1.778683867E2
3.446167420E2,2.927816288E0,-1.730972281E2
3.451167260E2,2.797367703E0,-1.510500423E2
3.456167098E2,2.289630023E0,1.499820784E2
3.461166948E2,2.590584039E0,-1.520173254E2
3.466166797E2,2.257071270E0,1.737673691E2
3.471166637E2,2.055894596E0,-1.664869087E2
3.476166488E2,2.024391916E0,-1.634422798E2
3.481166338E2,1.822543861E0,-1.690503449E2
3.486166184E2,1.715037180E0,-1.664801146E2
3.491166024E2,2.224522386E0,-1.683075676E2
3.496165885E2,2.347329104E0,-1.662525168E2
3.501165735E2,2.667579799E0,-1.677296463E2
3.506165576E2,2.467788610E0,-1.757266338E2
3.511165426E2,2.440474735E0,-1.675771535E2
3.516165295E2,2.370908987E0,-1.768639333E2
3.526165007E2,3.877973050E0,-1.760385818E2
3.531164857E2,3.658199349E0,1.790930554E2
3.536164717E2,3.356248944E0,-1.725775271E2
3.541164577E2,3.342515193E0,-1.769794339E2
3.546164433E2,3.369653610E0,-1.754404164E2
3.551164293E2,3.066496178E0,-1.765382797E2
3.556164155E2,2.746804628E0,-1.750030381E2
3.561164025E2,3.288290486E0,-1.773412573E2
3.566163887E2,4.381938069E0,-1.767407153E2
3.571163757E2,4.736151195E0,-1.741144519E2
3.576163631E2,4.998459146E0,-1.771699999E2
3.581163491E2,5.069444047E0,-1.778844425E2
3.586163365E2,5.335321603E0,-1.771983388E2
3.591163225E2,5.340592239E0,-1.767305834E2
3.596163080E2,5.498975689E0,-1.759975696E2
3.601162950E2,5.332107179E0,-1.765894944E2
3.606162845E2,4.347791619E0,-1.772908274E2
3.611162745E2,4.128973119E0,-1.754641652E2
3.616162656E2,4.271564664E0,-1.785284396E2
3.621162596E2,4.298526653E0,-1.774421760E2
3.626162550E2,3.112922209E0,-1.729028580E2
3.636162473E2,4.374070627E-1,-3.509581679E1
3.641162453E2,3.184454222E-1,-5.233437880E1
3.646162433E2,3.739260918E-1,-4.413919329E1
3.651162403E2,3.584816107E-1,-3.760297293E1
3.656162380E2,3.316959642E-1,-3.305582281E1
3.661162360E2,3.778788177E-1,-3.788671737E1
3.666162318E2,3.932413605E-1,-4.363390488E1
3.671162278E2,4.204808920E-1,-4.253261464E1
3.676162255E2,4.477148906E-1,-5.190640708E1
3.681162225E2,3.919406672E-1,-4.846272005E1
3.686162203E2,3.001375856E-1,-3.926567207E1
3.691162173E2,3.433739929E-1,-4.133889897E1
3.696162132E2,4.266211948E-1,-4.180150372E1
3.701162102E2,3.884050989E-1,-4.260639303E1
3.706162078E2,3.776456888E-1,-3.791006985E1
3.711162038E2,3.651336078E-1,-4.204922089E1
3.716161991E2,4.534425652E-1,-5.023747606E1
3.721161941E2,2.746719932E-1,-1.412548916E1
3.726161895E2,4.604290785E-1,-5.664481366E1
3.731161835E2,2.582173602E-1,-3.592619527E1
3.736161770E2,3.111125704E-1,-3.260829309E1
3.741161700E2,3.147106350E-1,-2.512395188E1
3.746161642E2,3.164633292E-1,-4.273652292E1
3.751161562E2,3.401312813E-1,-4.415747574E1
3.761161419E2,3.322282253E-1,-4.446050766E1
3.766161333E2,3.167636982E-1,-4.183271274E1
3.771161253E2,3.498950772E-1,-4.028734831E1
3.776161172E2,3.237945128E-1,-3.934448835E1
3.781161082E2,2.816482882E-1,-3.722911413E1
3.786160996E2,3.560084964E-1,-3.712606187E1
3.791160906E2,3.486940837E-1,-4.705273344E1
3.796160812E2,2.707730373E-1,-4.446949868E1
3.801160712E2,3.272955206E-1,-3.810519471E1
3.806160621E2,3.479752210E-1,-4.427998322E1
3.811160521E2,3.267394214E-1,-4.357611512E1
3.816160422E2,3.344157511E-1,-4.703394857E1
3.821160322E2,2.822399646E-1,-4.093248043E1
3.826160225E2,3.260153636E-1,-3.123049473E1
3.831160125E2,3.190382669E-1,-5.106771063E1
3.836160027E2,2.376374205E-1,-4.861388075E1
3.841159927E2,3.300461005E-1,-4.228402001E1
3.846159812E2,3.445510831E-1,-3.475097921E1
3.851159702E2,3.483335073E-1,-4.088509090E1
3.856159593E2,3.569052672E-1,-3.967848940E1
3.861159493E2,3.605699057E-1,-3.380691803E1
3.866159373E2,3.479569764E-1,-4.160941987E1
3.871159263E2,3.178474655E-1,-3.913249393E1
3.881159041E2,3.537703655E-1,-3.881623160E1
3.886158931E2,3.121716833E-1,-3.670758709E1
3.891158811E2,3.317487711E-1,-3.894580810E1
3.896158686E2,3.777078635E-1,-4.319525745E1
3.901158566E2,3.098328713E-1,-4.037076505E1
3.906158442E2,2.244032058E0,-7.417712548E0
3.911158322E2,4.421683090E0,-3.230641129E0
3.916158207E2,5.869815858E0,3.052722343E-1
3.921158078E2,5.829802883E0,-1.602442969E0
3.926157960E2,5.769560173E0,-2.389573607E0
3.931157840E2,5.596091174E0,-2.119783613E0
3.936157717E2,5.611395097E0,-1.574499251E0
3.941157637E2,5.623465726E0,-2.895065647E0
3.946157570E2,5.714378421E0,-2.588176519E0
3.951157520E2,5.885435979E0,-1.982690229E0
3.956157467E2,5.711072863E0,-2.172949549E0
3.961157437E2,5.655967963E0,-4.187287791E0
3.966157423E2,5.755638322E0,-2.784787136E0
3.971157423E2,5.752109867E0,-2.078405725E0
3.976157428E2,5.750257779E0,-2.625603825E0
3.981157428E2,5.598198946E0,-3.864862669E0
3.991157421E2,5.716520412E0,-3.316250713E0
3.996157408E2,5.445046095E0,-2.474661598E0
4.001157398E2,5.624044867E0,6.754140857E-1
4.006157393E2,5.575295649E0,-1.184946599E0
4.011157383E2,5.472314222E0,-1.551362450E0
4.016157388E2,5.665493729E0,-2.961391202E0
4.021157378E2,5.763510653E0,-6.021369877E0
4.026157372E2,5.518798235E0,1.437518519E0
4.031157372E2,5.538416375E0,-6.199716928E0
4.036157377E2,5.599345013E0,8.071820608E-1
4.041157377E2,5.906549635E0,-4.659522119E0
4.046157381E2,5.844806685E0,-2.940810799E0
4.051157391E2,5.534928838E0,-3.861902532E0
4.056157411E2,5.215023803E0,-3.787126963E0
4.061157421E2,5.369374952E0,-4.070581388E0
4.066157432E2,4.925442574E0,-8.847246083E0
4.071157442E2,5.139551770E0,4.723724543E0
4.076157466E2,5.128761702E0,-1.012467165E1
4.081157486E2,4.975000064E0,1.563617825E0
4.086157511E2,4.963555994E0,1.963886379E0
4.091157521E2,4.354379263E0,-2.696147385E0
4.096157534E2,4.575177618E0,3.063735599E0
4.101157554E2,4.407394560E0,1.382264424E0
4.111157591E2,4.266789603E0,4.185793106E0
4.116157612E2,2.851403579E0,2.311673296E1
4.121157632E2,1.499371355E0,8.725081383E1
4.126157656E2,7.754956639E-1,1.405130532E2
4.131157696E2,2.182016118E0,1.350000000E2
4.136157748E2,1.908629938E0,1.513012021E2
4.141157808E2,4.625802668E-1,-1.783999753E2
4.146157861E2,2.087161749E-1,7.971642934E1
4.151157911E2,6.163778942E-1,-6.900359488E1
4.156157946E2,1.051416529E0,-5.205334923E1
4.161157996E2,1.344222287E0,-4.907036637E1
4.166158053E2,1.721792779E0,-7.785608486E1
4.171158103E2,1.273009285E0,-8.036169603E1
4.176158141E2,1.584071181E0,-8.254361324E1
4.181158171E2,2.028427252E0,-9.128140243E1
4.186158200E2,5.725576560E-1,-9.200496953E1
4.191158220E2,7.689482619E-1,-1.164762665E2
4.196158225E2,2.613796565E0,-1.318147242E2
4.201158235E2,3.599916414E0,-1.549058000E2
4.206158240E2,3.875227911E0,-1.673806777E2
4.211158240E2,3.663141529E0,-1.683137588E2
4.216158227E2,3.414525464E0,-1.677187481E2
4.221158217E2,3.242421468E0,-1.745228431E2
4.226158204E2,2.406377059E0,1.701279127E2
4.236158162E2,2.155887926E0,-1.721998121E2
4.241158142E2,2.144939292E0,-1.638079034E2
4.246158110E2,2.041429905E0,-1.669943379E2
4.251158080E2,2.327715957E0,-1.579479155E2
4.256158061E2,2.177167961E0,-1.750584937E2
4.261158031E2,2.185257012E0,-1.751825667E2
4.266157987E2,2.243928747E0,-1.676650568E2
4.271157947E2,1.674080605E0,-1.719765936E2
4.276157905E2,1.608144450E0,-1.648389539E2
4.281157865E2,1.893998624E0,-1.572305435E2
4.286157821E2,2.687055959E0,-1.363057711E2
4.291157781E2,3.190285527E0,-1.270670561E2
4.296157720E2,2.819466049E0,-1.359316603E2
4.301157670E2,2.507411316E0,-1.379255929E2
4.306157626E2,2.394303341E0,-1.317945460E2
4.311157566E2,2.418886281E0,-1.301000580E2
4.316157521E2,2.698900934E0,-1.458158839E2
4.321157461E2,2.017434825E0,-1.363223824E2
4.326157390E2,3.566296020E0,-1.262301451E2
4.331157340E2,1.498274844E0,-1.748509168E2
4.336157287E2,3.754333989E0,-1.125877089E2
4.341157227E2,1.849240080E0,-1.730083202E2
4.346157168E2,3.180708155E0,-1.267752722E2
4.351157108E2,2.160652794E0,-1.296113083E2
4.361156981E2,2.013239154E0,-1.722896789E2
4.366156917E2,1.959947364E0,-1.573546022E2
4.371156858E2,2.006596527E0,-1.773608335E2
4.376156802E2,2.717125245E0,-1.736371217E2
4.381156742E2,1.976800766E0,-1.733967544E2
4.386156669E2,1.784402730E0,-1.595991486E2
4.391156599E2,1.538316218E0,-1.644882099E2
4.396156518E2,1.902606919E0,-1.612927834E2
4.401156458E2,1.766554184E0,-1.651932276E2
4.406156396E2,2.020552855E0,-1.593825069E2
4.411156336E2,3.309683796E0,-1.714616003E2
4.416156270E2,3.102031054E0,-1.654603124E2
4.421156220E2,3.077918799E0,-1.735557504E2
4.426156163E2,3.197805750E0,-1.692680439E2
4.431156103E2,2.966789822E0,-1.651938986E2
4.436156050E2,1.699220551E0,-1.750571485E2
4.441155990E2,1.818201285E0,-1.610254589E2
4.446155941E2,1.632068157E0,-1.496959052E2
4.451155881E2,1.748527182E0,-1.602482446E2
4.456155821E2,2.018016258E0,-1.628673691E2
4.461155761E2,2.040970865E0,-1.671668640E2
4.471155631E2,1.973364570E0,-1.700680508E2
4.476155567E2,2.042395191E0,-1.646905931E2
4.481155497E2,1.666258569E0,-1.695337195E2
4.486155436E2,1.813726243E0,-1.592519499E2
4.491155366E2,1.720910977E0,-1.602887098E2
4.496155287E2,1.673508665E0,-1.665277597E2
4.501155217E2,1.918815726E0,-1.691114672E2
4.506155147E2,1.984674219E0,-1.653717151E2
4.511155067E2,2.354949533E0,-1.651863640E2
4.516155000E2,2.382867503E0,-1.693398973E2
4.521154920E2,2.268290386E0,-1.669620278E2
4.526154851E2,1.903134666E0,-1.642993627E2
4.531154771E2,1.805593871E0,-1.638676006E2
4.536154686E2,2.122854121E0,-1.646408963E2
4.541154606E2,1.993903324E0,-1.695493399E2
4.546154529E2,2.541585959E0,-1.692948013E2
4.551154449E2,2.677248749E0,-1.708454826E2
4.556154362E2,2.871904607E0,-1.693252038E2
4.561154292E2,2.887264733E0,-1.714570608E2
4.566154212E2,2.830530615E0,-1.711353766E2
4.571154132E2,2.396828804E0,-1.686402379E2
4.576154062E2,2.275357982E0,-1.687556683E2
4.581153982E2,2.132699197E0,-1.668989976E2
4.591153833E2,2.966239310E0,-1.719934163E2
4.596153769E2,3.024297934E0,-1.662993596E2
4.601153699E2,2.946892901E0,-1.696318126E2
4.606153617E2,3.004919060E0,-1.692172740E2
4.611153547E2,2.274063310E0,-1.674375200E2
4.616153481E2,4.801561183E-1,-1.343294688E2
4.621153401E2,6.453331270E-1,-4.815832615E1
4.626153324E2,5.428389632E-1,-7.056512370E1
4.631153244E2,4.489196169E-1,-6.005961838E1
4.636153166E2,5.826777799E-1,-5.814200111E1
4.641153096E2,8.417655275E-1,-7.160304572E1
4.646153042E2,5.308608146E-1,-6.475332720E1
4.651152992E2,5.745148030E-1,-5.862882709E1
4.656152951E2,4.739886514E-1,-1.820001171E0
4.661152911E2,5.863826339E-1,-6.509803225E1
4.666152874E2,5.923277644E-1,-5.880154624E1
4.671152844E2,5.774225510E-1,-5.589721577E1
4.676152826E2,5.337213159E-1,-6.318086721E1
4.681152796E2,5.376092584E-1,-6.108222683E1
4.686152768E2,5.628838556E-1,-6.811492267E1
4.691152738E2,5.502178852E-1,-6.725995901E1
4.696152717E2,6.078344996E-1,-6.798214769E1
4.701152687E2,5.945453916E-1,-6.408040081E1
4.706152662E2,5.832450705E-1,-6.397765310E1
4.711152642E2,5.688147366E-1,-6.689476301E1
4.716152622E2,5.435042396E-1,-5.969002165E1
4.726152580E2,5.613179961E-1,-6.299205281E1
4.731152560E2,5.168355674E-1,-6.523170235E1
4.736152544E2,6.046996445E-1,-6.384633442E1
4.741152524E2,5.958725340E-1,-6.043413452E1
4.746152510E2,6.173721602E-1,-6.479015885E1
4.751152490E2,5.719742901E-1,-6.430479720E1
4.756152457E2,5.394828340E-1,-6.096358503E1
4.761152437E2,5.581300644E-1,-6.238079300E1
4.766152424E2,5.764788643E-1,-6.257224390E1
4.771152414E2,5.671804131E-1,-6.323600594E1
4.776152393E2,5.708575427E-1,-6.470445360E1
4.781152363E2,5.748916275E-1,-7.025740957E1
4.786152331E2,5.987771094E-1,-7.060218755E1
4.791152291E2,5.564509112E-1,-6.510407631E1
4.796152260E2,5.649524183E-1,-6.688378167E1
4.801152210E2,1.818447961E0,-1.729094552E1
4.806152137E2,4.514596999E0,-5.611169884E0
4.811152087E2,6.796840679E0,-2.571770212E0
4.816152041E2,6.847056425E0,-3.852115949E0
4.821151971E2,5.924817059E0,-5.152288961E0
4.826151901E2,7.298968753E0,-3.058906597E0
4.831151831E2,7.262449693E0,-3.967798441E0
4.841151689E2,7.241959233E0,-2.830202583E0
4.846151607E2,7.244076179E0,-4.218413125E0
4.851151527E2,7.050075610E0,-3.990585649E0
4.856151458E2,7.043070162E0,-3.162062151E0
4.861151408E2,6.914465435E0,-3.759682449E0
4.866151371E2,6.424482170E0,-3.959836474E0
4.871151331E2,6.350655081E0,-2.695311697E0
4.876151297E2,6.211184311E0,-6.262510470E0
4.881151287E2,6.140257600E0,-3.908344705E0
4.886151289E2,6.258591253E0,-5.599022223E0
4.891151289E2,6.166785769E0,-5.947371383E0
4.896151300E2,6.056845300E0,-6.615614792E0
4.901151300E2,5.371350950E0,-4.138700361E0
4.906151285E2,5.306421098E0,-4.017458463E0
4.911151285E2,5.745490381E0,-1.146796211E-1
4.916151280E2,5.510845838E0,-5.641669190E0
4.921151280E2,5.245212608E0,-7.052498967E0
4.926151268E2,4.033470580E0,-2.940063279E0
4.931151258E2,4.718261688E0,-1.160297600E1
4.936151246E2,4.972200568E0,-2.238741705E1
4.941151236E2,4.537606526E0,-1.150004440E0
4.946151241E2,4.515560229E0,-1.029434408E1
4.951151231E2,3.505918662E0,2.409503646E0
4.961151240E2,3.758999262E0,-2.243525223E1
4.966151251E2,3.245646227E0,-1.014729032E1
4.971151261E2,3.973652601E0,-2.771389965E1
4.976151273E2,3.522493489E0,-1.517007441E1
4.981151283E2,3.264782163E0,-4.548287714E1
4.986151291E2,2.495009567E0,-4.178875198E1
4.991151311E2,3.253570358E0,-2.326418632E1
4.996151335E2,2.707360237E0,-4.062011305E1
5.001151355E2,5.216185453E-1,-1.308150839E2
5.006151386E2,8.227873241E-1,1.113207131E2
5.011151406E2,1.893284298E0,-1.141964731E2
5.016151430E2,6.345404639E-1,-1.491016048E2
5.021151450E2,4.583068880E-1,1.515043614E2
5.026151472E2,2.271218357E0,-7.828454299E1
5.031151492E2,5.779256859E-1,1.629355022E2
5.036151521E2,3.805069099E-1,-1.205439338E2
5.041151541E2,1.784825661E0,-1.042749745E2
5.046151553E2,4.180097999E-1,6.505084089E1
5.051151573E2,9.643876941E-1,-1.246251409E2
5.056151597E2,1.077446018E0,-1.098371152E2
5.061151607E2,5.883268180E-1,1.487144465E2
5.066151622E2,1.457349428E0,1.120900177E2
5.071151652E2,1.371854023E0,-1.257209818E2
5.076151681E2,1.012631099E0,1.669244189E2
5.086151712E2,1.200536773E0,1.797532142E2
5.091151712E2,1.133907042E0,1.470903456E2
5.096151726E2,1.315610991E0,1.775257955E2
5.101151716E2,1.618067773E0,1.677150465E2
5.106151701E2,2.303040212E0,1.457444119E2
5.111151691E2,2.218364879E0,1.421931676E2
5.116151673E2,1.196808682E0,1.488225074E2
5.121151653E2,2.109702931E0,1.286447463E2
5.126151631E2,2.534833936E0,1.473421269E2
5.131151601E2,2.421317630E0,1.358385536E2
5.136151575E2,1.598484501E0,1.334688736E2
5.141151545E2,1.053490927E0,7.937747390E1
5.146151516E2,1.196266194E0,1.137494945E2
5.151151486E2,1.755037791E0,1.074986809E2
5.156151449E2,1.130171605E0,1.177753453E2
5.161151419E2,7.923660817E-1,1.383560941E2
5.166151401E2,2.381201550E-1,7.601464087E1
5.171151381E2,1.115429938E0,7.377673533E1
5.176151361E2,2.030819543E0,1.072225466E1
5.181151341E2,2.853272070E0,3.799611619E1
5.186151297E2,2.029909745E0,1.442007802E1
5.191151277E2,1.523163532E0,1.695984702E1
5.201151242E2,2.169276828E0,-5.388436694E0
5.206151230E2,2.671102929E0,2.011999206E1
5.211151220E2,2.565208649E0,-1.154584569E1
5.216151202E2,2.600710530E0,1.084333229E0
5.221151202E2,2.573698002E0,-1.170276277E1
5.226151196E2,2.570547353E0,-4.084170318E0
5.231151186E2,2.526276325E0,1.228268959E1
5.236151176E2,2.831385825E0,-4.557036660E0
5.241151156E2,2.923773307E0,-1.901629675E1
5.246151146E2,2.278152090E0,2.443329510E1
5.251151126E2,2.978078970E0,1.844574509E1
5.256151113E2,3.300668718E0,4.287890360E1
5.261151103E2,1.401763469E0,9.253606199E0
5.266151109E2,2.532447653E0,5.602988057E1
5.271151119E2,1.839358336E0,4.230794279E1
5.276151124E2,1.965294124E0,1.251785668E1
5.281151134E2,3.695148936E0,7.311985313E1
5.286151157E2,9.702392861E-1,-6.069779251E1
5.291151167E2,2.921353911E0,8.183766582E1
5.296151201E2,2.209878783E0,1.444337006E1
5.301151221E2,2.307444580E0,3.574258478E1
5.306151242E2,1.961018562E0,3.168063996E1
5.311151272E2,2.304029907E0,3.742369454E1
5.316151318E2,2.019461538E0,3.305777950E1
5.326151376E2,2.024047469E0,4.335838233E1
5.331151416E2,1.509857145E0,2.162262016E1
5.336151460E2,2.573061493E0,4.109794425E1
5.341151490E2,2.248963857E0,-2.219002604E1
5.346151528E2,2.655247610E0,9.441407851E1
5.351151558E2,1.546175085E0,8.413821403E1
5.356151588E2,1.800835224E0,1.039062127E2
5.361151618E2,1.311657839E0,8.563842735E1
5.366151650E2,1.409642876E0,8.974823108E1
5.371151680E2,6.418586682E-1,1.210300557E2
5.376151701E2,1.572412459E0,8.068067860E1
5.381151721E2,8.736050285E-1,1.008580449E2
5.386151741E2,9.244568295E-1,8.647104826E1
5.391151741E2,1.232185940E0,1.005637669E2
5.396151742E2,6.121202536E-1,9.000000000E1
5.401151752E2,9.326672987E-1,1.086029711E2
5.406151766E2,1.758280026E0,1.517319594E2
5.411151786E2,1.742764188E0,1.775489178E2
5.416151793E2,1.961282972E0,1.436198402E2
5.421151813E2,2.135248225E0,-1.675861413E2
5.426151842E2,2.010611812E0,1.677502280E2
5.431151862E2,2.799079671E0,1.665836524E2
5.436151885E2,2.517995487E0,-1.720473531E2
5.441151905E2,2.838246619E0,-1.788863994E2
5.446151940E2,2.686896986E0,-1.704666257E2
5.451151960E2,2.261583331E0,-1.783640542E2
5.456151986E2,2.424543617E0,-1.581523718E2
5.466152032E2,1.963553341E0,-1.634328194E2
5.471152062E2,2.222899534E0,-1.631979947E2
5.476152102E2,2.338573673E0,-1.633339779E2
5.481152142E2,2.128676895E0,-1.587419197E2
5.486152176E2,2.146976754E0,-1.678507479E2
5.491152216E2,3.633136982E0,-1.632583527E2
5.496152261E2,2.892521367E0,-1.689327724E2
5.501152301E2,2.880403183E0,-1.708387430E2
5.506152335E2,3.202525516E0,-1.599746118E2
5.511152365E2,2.595928824E0,-1.597809045E2
5.516152383E2,2.364119464E0,-1.780487083E2
5.521152393E2,2.470325871E0,-1.617238015E2
5.526152408E2,2.303762489E0,-1.782944811E2
5.531152408E2,2.628225095E0,-1.660436669E2
5.536152402E2,2.257459713E0,-1.692976072E2
5.541152402E2,2.178448938E0,-1.688571101E2
5.546152393E2,2.663449820E0,-1.716857361E2
5.551152373E2,2.555129431E0,-1.708635332E2
5.556152355E2,2.969686143E0,-1.782106267E2
5.561152335E2,2.993728650E0,-1.709684859E2
5.566152316E2,3.191105811E0,-1.738460725E2
5.571152286E2,3.034880017E0,-1.746788975E2
5.576152259E2,2.471706778E0,-1.766647619E2
5.581152229E2,2.449859331E0,-1.639140978E2
5.586152177E2,2.622404990E0,-1.679687832E2
5.596152112E2,2.651223706E0,-1.659309599E2
5.601152072E2,2.533500308E0,-1.671975092E2
5.606152026E2,2.309781223E0,-1.749677920E2
5.611151986E2,2.402864525E0,-1.654625207E2
5.616151938E2,1.565720034E0,-1.569423320E2
5.621151888E2,1.697904408E0,1.774591298E2
5.626151835E2,1.842944594E0,-1.565233645E2
5.631151785E2,1.467207718E0,-1.746463211E2
5.636151717E2,1.682773895E0,-1.728639020E2
5.641151667E2,1.858155845E0,-1.553538098E2
5.646151615E2,1.938713605E0,1.666720385E2
5.651151565E2,1.958375919E0,-1.624651727E2
5.656151509E2,2.178678325E0,-1.668216991E2
5.661151459E2,3.631640233E0,-1.704328430E2
5.666151408E2,3.923863081E0,-1.703815589E2
5.671151348E2,4.279579692E0,-1.726806566E2
5.676151292E2,4.384625601E0,-1.767766140E2
5.681151242E2,4.156032368E0,-1.739859261E2
5.686151210E2,4.175100589E0,-1.735860409E2
5.691151160E2,4.466874179E0,-1.740442374E2
5.696151111E2,5.328666840E0,-1.736430533E2
5.701151061E2,5.832525920E0,-1.741514544E2
5.706151011E2,5.489473903E0,-1.751090108E2
5.716150896E2,5.522074118E0,-1.762263248E2
5.721150856E2,4.593267221E0,-1.741940163E2
5.726150820E2,2.830613785E0,-1.714922736E2
5.731150780E2,2.961556964E0,-1.707585720E2
5.736150735E2,6.402873610E-1,-6.821338033E1
5.741150685E2,4.919791591E-1,-5.265710415E1
5.746150642E2,5.498003706E-1,-6.092754675E1
5.751150602E2,5.510115243E-1,-5.177054754E1
5.756150555E2,5.569151187E-1,-5.936382263E1
5.761150515E2,4.908658801E-1,-6.098553304E1
5.766150473E2,5.016690656E-1,-4.948599651E1
5.771150432E2,5.257286518E-1,-5.804563706E1
5.776150384E2,5.582327844E-1,-5.839844006E1
5.781150334E2,5.054621545E-1,-6.365875932E1
5.786150281E2,5.369664907E-1,-5.418786665E1
5.791150231E2,5.308068965E-1,-6.117668715E1
5.796150187E2,5.078205695E-1,-5.414885298E1
5.801150137E2,5.286347107E-1,-5.803518735E1
5.806150082E2,5.339005304E-1,-5.901998012E1
5.811150032E2,4.761013986E-1,-5.660542124E1
5.816149990E2,5.423712910E-1,-5.845978218E1
5.826149880E2,5.208305105E-1,-5.916964434E1
5.831149830E2,5.139062631E-1,-6.510798555E1
5.836149763E2,4.639581489E-1,-6.139819267E1
5.841149703E2,4.746175310E-1,-5.041186915E1
5.846149646E2,5.273098533E-1,-5.604418401E1
5.851149576E2,5.761442946E-1,-5.859956924E1
5.856149515E2,5.003416138E-1,-5.664597425E1
5.861149445E2,4.704136754E-1,-6.569861607E1
5.866149377E2,5.072872548E-1,-5.780426606E1
5.871149317E2,5.426004449E-1,-5.266429327E1
5.876149238E2,5.718948035E-1,-5.950749024E1
5.881149168E2,5.032869217E-1,-6.100404048E1
5.886149097E2,5.412965109E-1,-5.970990300E1
5.891149027E2,5.009088601E-1,-5.886283062E1
5.896148958E2,4.788936138E-1,-5.704257514E1
5.901148878E2,4.863990854E-1,-5.714609736E1
5.906148794E2,5.309255185E-1,-5.625707660E1
5.911148724E2,4.779652619E-1,-5.115809077E1
5.916148651E2,5.015809353E-1,-6.071939760E1
5.921148571E2,5.832669985E-1,-5.568377402E1
5.926148485E2,4.796900106E-1,-5.167051832E1
5.931148395E2,3.838437604E-1,-3.771319688E1
5.936148323E2,5.282397341E-1,-4.933640478E1
5.941148243E2,4.535566174E-1,-4.910811217E1
5.946148146E2,4.899152377E-1,-5.151772739E1
5.951148056E2,5.800387997E-1,-5.674563342E1
5.956147980E2,5.771205477E-1,-6.394475407E1
5.961147890E2,5.294369891E-1,-5.657518881E1
5.971147697E2,4.964050385E-1,-6.069779251E1
5.976147605E2,5.110129431E-1,-5.881502534E1
5.981147515E2,6.344687445E-1,-3.608616842E1
5.986147429E2,2.464629769E0,-1.014703253E1
5.991147329E2,5.877412587E0,-3.223676855E0
5.996147236E2,6.186589098E0,-4.214951090E0
6.001147136E2,6.310375750E0,-3.900313395E0
6.006147050E2,6.084186488E0,-3.790212924E0
6.011146950E2,6.085679613E0,-3.416094350E0
6.016146857E2,6.801971001E0,-2.720286834E0
6.021146757E2,6.523027860E0,-4.137921566E0
6.026146655E2,6.504634061E0,-3.271149331E0
6.031146555E2,6.586395989E0,-2.067152303E0
6.036146442E2,6.579661408E0,-3.768939691E0
6.041146342E2,6.544094829E0,-2.373395748E0
6.046146247E2,6.504340798E0,-3.601549385E0
6.051146147E2,6.432803881E0,-3.000912392E0
6.056146061E2,6.239265404E0,-3.677211518E0
6.061145981E2,6.258374743E0,-2.855178767E0
6.066145916E2,6.085167366E0,-3.953982281E0
6.071145856E2,6.310220384E0,-5.553191913E0
6.076145820E2,6.274346811E0,-2.672243085E0
6.081145780E2,6.242977073E0,-1.303587956E0
6.086145745E2,6.247828568E0,-1.913168717E0
6.091145705E2,6.028341628E0,-4.427673501E0
6.096145680E2,6.454363963E0,-2.964705761E0
6.101145660E2,6.205930098E0,-6.920043248E0
6.106145631E2,6.389356572E0,-1.739996479E0
6.116145576E2,5.383003151E0,1.099524291E1
6.121145556E2,5.035603959E0,-4.379843065E0
6.126145527E2,5.669102796E0,9.310085618E0
6.131145507E2,5.039395550E0,3.840008553E0
6.136145503E2,5.046660550E0,6.597761774E0
6.141145483E2,4.569585524E0,2.330135876E0
6.146145475E2,4.606418629E0,7.675789573E0
6.151145465E2,4.417451424E0,2.828112465E0
6.156145456E2,5.305639814E0,-1.786478612E1
6.161145456E2,4.930780793E0,-4.487332210E0
6.166145467E2,3.912072903E0,-1.088552705E1
6.171145467E2,2.634648188E0,-9.397966647E0
6.176145471E2,2.336322152E0,-8.676812937E0
6.181145481E2,1.312693147E0,3.830628559E1
6.186145495E2,2.120143467E0,-9.848894388E1
6.191145505E2,3.800418172E-1,1.349068362E2
6.196145496E2,5.892430066E-1,-1.310833719E2
6.201145486E2,5.160441523E-1,-1.348595694E2
6.206145471E2,1.178059714E0,9.968055056E1
6.211145451E2,1.963639327E0,7.901672179E1
6.216145440E2,1.775600692E-1,1.189989771E2
6.221145410E2,2.667130809E0,8.375245846E1
6.226145366E2,2.949836472E0,7.624704608E1
6.231145336E2,9.482080873E-1,3.447025474E1
6.236145312E2,9.400427193E-1,6.931020542E1
6.241145292E2,4.401574795E-1,6.914554196E1
6.246145297E2,2.948209434E-1,-7.708218715E1
6.256145318E2,3.970327486E-1,-3.330150778E1
6.261145338E2,6.478526950E-1,-6.333257410E1
6.266145360E2,4.581884559E-1,4.492246854E1
6.271145370E2,2.340810244E-1,-5.881007709E1
6.276145388E2,5.080417645E-1,3.718470645E1
6.281145408E2,6.295030653E-1,-4.215153467E1
6.286145438E2,4.493224498E-1,-2.676399405E1
6.291145458E2,4.657597672E-1,3.465394343E1
6.296145477E2,4.094333584E-1,-4.908561678E1
6.301145507E2,9.819641858E-1,-8.088471037E1
6.306145541E2,3.825118799E-1,7.668540672E1
6.311145571E2,1.166896051E0,-1.162666384E2
6.316145606E2,8.616353543E-1,-7.332391493E1
6.321145636E2,6.756910552E-1,3.201266719E1
6.326145678E2,1.621076605E-1,-3.477786520E0
6.331145718E2,7.576837801E-1,-3.861750013E1
6.336145755E2,1.075072523E0,-5.389311760E0
6.341145805E2,1.883822088E0,-5.262449911E1
6.346145846E2,1.201264901E0,3.891065789E1
6.351145876E2,6.647622453E-1,7.219020824E0
6.356145907E2,1.495589499E0,-7.886316603E1
6.361145928E2,3.340948555E-1,-1.454833992E2
6.366145940E2,8.974035086E-1,-7.484018190E1
6.376145973E2,4.253203923E-1,-1.435555582E2
6.381145983E2,1.080586605E0,-9.521606138E1
6.386145997E2,1.812299080E-1,-1.694152918E2
6.391146007E2,5.587350317E-1,1.399561706E2
6.396145999E2,1.119294788E0,-1.130864889E2
6.401145999E2,1.147003143E0,-1.234872726E2
6.406145995E2,1.148547277E0,-1.548641096E2
6.411145995E2,1.404782428E0,-1.388993313E2
6.416145978E2,1.367126936E0,-1.330611760E2
6.421145968E2,1.258010336E0,-1.666208122E2
6.426145964E2,1.345928925E0,-1.694843871E2
6.431145944E2,1.065386782E0,1.716273703E2
6.436145930E2,1.040319075E0,-1.464222495E2
6.441145910E2,6.429749135E-1,-1.268208430E2
6.446145890E2,9.761950042E-1,-1.510099685E2
6.451145860E2,8.712121646E-1,-1.690648506E2
6.456145824E2,1.364124631E0,-1.388798445E2
6.461145794E2,9.888942815E-1,-1.714869198E2
6.466145762E2,1.144840000E0,-1.294018862E2
6.471145722E2,8.668881720E-1,1.429395934E2
6.476145682E2,9.313455633E-1,1.786149754E2
6.481145642E2,7.580830566E-1,1.616701809E2
6.486145596E2,8.681471106E-1,1.737106813E2
6.491145546E2,6.721593812E-1,1.720144793E2
6.501145452E2,1.617721739E0,1.565674140E2
6.506145405E2,6.267924238E-1,1.424842328E2
6.511145355E2,1.881608834E0,1.054470189E2
6.516145295E2,1.758951977E0,1.224733352E2
6.521145241E2,1.548928856E0,-1.672776856E2
6.526145181E2,1.948834170E0,1.123012929E2
6.531145132E2,2.782447130E0,9.702015012E1
6.536145072E2,7.411570135E-1,9.438320464E1
6.541145007E2,2.546935885E-1,-1.764176719E1
6.546144947E2,1.120202307E0,9.044691589E1
6.551144905E2,4.085353663E-1,4.988447369E1
6.556144845E2,2.468118025E-1,-6.040342496E1
6.561144792E2,1.394082555E0,5.562729166E1
6.566144752E2,2.400540610E0,6.263843518E1
6.571144705E2,1.088621318E0,4.559543124E1
6.576144655E2,6.903432885E-1,1.557824751E1
6.581144612E2,1.384434788E0,1.271973990E1
6.586144582E2,1.887054657E0,5.407923230E1
6.591144546E2,9.758700711E-1,1.066205845E1
6.596144506E2,2.015558580E0,4.163979980E1
6.601144481E2,2.666248036E0,3.416418507E1
6.606144441E2,2.077660467E0,3.427659904E1
6.611144398E2,1.798901473E0,1.641151559E1
6.621144325E2,2.395620628E0,3.086200084E1
6.626144285E2,2.929090443E0,4.910919277E1
6.631144246E2,1.719207998E0,2.583454348E1
6.636144206E2,2.248189723E0,3.385055948E1
6.641144168E2,2.511697031E0,3.854872700E1
6.646144118E2,2.323215950E0,3.829571923E1
6.651144066E2,1.337530243E0,4.842713928E0
6.656144026E2,1.943841525E0,-8.066311153E0
6.661143977E2,2.126565092E0,1.225183453E1
6.666143927E2,1.924165528E0,-2.672736771E0
6.671143863E2,1.714934149E0,2.357837699E-1
6.676143812E2,1.917691745E0,5.278359383E0
6.681143765E2,1.707797235E0,4.773298825E0
6.686143705E2,1.583925089E0,-6.905523398E0
6.691143650E2,3.412625092E0,-9.810598321E0
6.696143600E2,3.349600249E0,8.182429599E-1
6.701143537E2,3.469023264E0,6.181741432E0
6.706143467E2,3.623058347E0,-3.133656675E0
6.711143401E2,3.911153960E0,-4.431276034E0
6.716143341E2,3.725535836E0,2.598856416E0
6.721143287E2,3.963428922E0,-5.517280548E0
6.726143217E2,3.597298554E0,-1.694150273E0
6.731143147E2,3.659603964E0,-3.808780140E-1
6.736143077E2,2.778967741E0,9.506771989E0
6.741143018E2,2.547176292E0,-3.876574477E-2
6.746142948E2,2.814781393E0,-8.802655815E0
6.756142811E2,2.510382693E0,-6.631576892E0
6.761142726E2,8.558764806E-1,-1.689288728E1
6.766142656E2,1.124254431E0,1.051632282E2
6.771142593E2,4.399825955E-1,2.008437149E1
6.776142523E2,2.982519109E-1,9.727500495E1
6.781142452E2,4.476934363E-1,8.264762064E1
6.786142382E2,5.651882172E-1,-3.401560822E1
6.791142300E2,6.492171852E-1,2.574070835E1
6.796142220E2,1.042314960E0,5.528357065E1
6.801142148E2,1.026111031E0,-5.383949664E0
6.806142078E2,1.152557387E0,4.352805548E1
6.811142013E2,4.986546788E-1,-7.509495298E1
6.816141943E2,4.653008819E-1,-1.410166730E2
6.821141892E2,7.163692174E-1,-5.858064511E1
6.826141832E2,1.269220741E0,-2.257127061E1
6.831141750E2,5.727920855E-1,1.449799211E2
6.836141680E2,1.064648427E0,-7.914420972E1
6.841141612E2,1.497966590E0,-6.594604049E1
6.846141542E2,4.682770926E-1,3.074296464E1
6.851141476E2,1.220892947E0,-5.533236605E1
6.856141396E2,1.064186420E0,-6.492091456E1
6.866141242E2,1.902755924E0,-7.269905082E1
6.871141181E2,1.809249317E-1,-1.567270959E2
6.876141101E2,5.687699056E-1,-5.899104565E1
6.881141021E2,7.634808135E-1,-7.541548829E1
6.886140951E2,1.317583315E-1,4.914462374E1
6.891140866E2,8.871744140E-1,-6.525325178E1
6.896140786E2,7.612823702E-1,-1.048039802E2
6.901140712E2,4.451078223E-1,9.424062420E1
6.906140632E2,1.203254279E0,-5.639347135E1
6.911140566E2,1.193037616E-1,-2.060111024E0
6.916140486E2,6.674784481E-1,-5.838636601E0
6.921140411E2,4.275418751E-1,-2.916025077E1
6.926140341E2,6.679529870E-1,-4.723117461E1
6.931140256E2,1.120991190E0,-6.187066666E1
6.936140186E2,5.521333107E-1,-6.845452588E1
6.941140111E2,7.143973255E-1,-1.614074386E1
6.946140041E2,1.418613019E0,-6.393271269E1
6.951139946E2,5.565775567E-1,-1.700493733E2
6.956139866E2,6.811918247E-1,-9.293384185E1
6.961139806E2,1.462523475E0,-9.440680904E1
6.966139726E2,4.006786591E-1,1.472265867E2
6.971139650E2,1.934056849E-1,2.358358996E1
6.976139570E2,6.386084204E-1,-8.928582367E1
6.981139483E2,6.946520253E-1,-1.427150265E2
6.986139393E2,1.225344388E-1,-8.547523152E1
6.991139318E2,3.016555723E-1,-1.264340692E2
6.996139238E2,8.956792731E-1,9.370054305E1
7.006139067E2,4.477674864E-1,1.680305136E2
7.011138999E2,5.793070389E-1,1.078866806E2
7.016138919E2,4.481380444E-1,5.773429079E1
7.021138841E2,1.573946260E0,9.824945917E1
7.026138761E2,9.257347469E-1,1.057566007E2
7.031138679E2,1.978342121E-1,-4.077039139E1
7.036138599E2,5.490866047E-1,1.285038825E2
7.041138525E2,8.642119031E-1,6.576122619E1
7.046138445E2,8.654020491E-1,7.424437917E1
7.051138369E2,8.189150233E-1,1.050001950E2
7.056138289E2,3.505929717E-1,-2.500813131E1
7.061138207E2,5.346269516E-1,7.237198063E1
7.066138128E2,6.311855025E-1,1.249660298E2
7.071138033E2,5.734866645E-1,5.144743688E1
7.076137953E2,1.381945846E-1,1.276139568E2
7.081137877E2,2.515127717E-1,1.580251395E1
7.086137807E2,1.594220563E0,1.617643400E2
7.091137723E2,2.614188800E0,1.771050572E2
7.096137643E2,2.006857153E0,1.694071177E2
7.101137578E2,2.567896458E0,-1.748620932E2
7.106137498E2,2.364109376E0,1.658478693E2
7.111137427E2,2.261942132E0,1.784064355E2
7.116137347E2,2.400463791E0,1.561237641E2
7.126137194E2,2.393079844E0,-1.547285953E2
7.131137122E2,2.326561333E0,-1.521049533E2
7.136137042E2,2.923419499E0,1.582754331E2
7.141136969E2,2.373546558E0,-1.324460990E2
7.146136889E2,1.986250836E0,-1.464291524E2
7.151136804E2,2.335831892E0,-1.440419779E2
7.156136724E2,2.247643355E0,-1.598228861E2