"Time (s)","Recording (a.u.)"
0.000000000E0,4.450805113E-2
2.083333333E-5,4.209324718E-2
4.166666667E-5,2.852388099E-2
6.250000000E-5,8.838979527E-3
8.333333333E-5,-5.313000176E-3
1.041666667E-4,-5.965630058E-3
1.250000000E-4,4.401106853E-3
1.458333333E-4,1.633943990E-2
1.666666667E-4,2.322157472E-2
1.875000000E-4,2.425887622E-2
2.083333333E-4,2.271532454E-2
2.291666667E-4,2.185195312E-2
2.500000000E-4,2.038672939E-2
2.708333333E-4,1.542892028E-2
2.916666667E-4,7.317372598E-3
3.125000000E-4,6.547712255E-4
3.333333333E-4,2.960525453E-4
3.541666667E-4,5.408936646E-3
3.750000000E-4,1.104700472E-2
3.958333333E-4,1.356366836E-2
4.166666667E-4,1.281021535E-2
4.375000000E-4,1.058132574E-2
4.583333333E-4,8.273125626E-3
4.791666667E-4,6.757264026E-3
5.000000000E-4,6.152546033E-3
5.208333333E-4,6.828224286E-3
5.416666667E-4,1.021976583E-2
5.625000000E-4,1.577326097E-2
5.833333333E-4,1.889322326E-2
6.041666667E-4,1.371308044E-2
6.250000000E-4,3.782939166E-5
6.458333333E-4,-1.325493492E-2
6.666666667E-4,-1.624137722E-2
6.875000000E-4,-8.353782818E-3
7.083333333E-4,2.050386509E-3
7.291666667E-4,7.167054806E-3
7.500000000E-4,6.562020630E-3
7.708333333E-4,4.448542371E-3
7.916666667E-4,2.912309486E-3
8.125000000E-4,8.679641178E-4
8.333333333E-4,-1.293726265E-3
8.541666667E-4,-5.514821969E-4
8.750000000E-4,3.955705091E-3
8.958333333E-4,8.171739057E-3
9.166666667E-4,6.322289817E-3
9.375000000E-4,-3.295927308E-3
9.583333333E-4,-1.615938917E-2
9.791666667E-4,-2.652971819E-2
1.000000000E-3,-3.152749687E-2
1.020833333E-3,-2.975206077E-2
1.041666667E-3,-2.089099959E-2
1.062500000E-3,-8.039342239E-3
1.083333333E-3,1.236632001E-3
1.104166667E-3,7.509971038E-4
1.125000000E-3,-6.963658147E-3
1.145833333E-3,-1.381933037E-2
1.166666667E-3,-1.543079689E-2
1.187500000E-3,-1.560074091E-2
1.208333333E-3,-2.088347077E-2
1.229166667E-3,-3.104320914E-2
1.250000000E-3,-3.891331330E-2
1.270833333E-3,-3.985096514E-2
1.291666667E-3,-3.698026389E-2
1.312500000E-3,-3.425715119E-2
1.333333333E-3,-2.902333811E-2
1.354166667E-3,-1.715405658E-2
1.375000000E-3,-3.613180481E-3
1.395833333E-3,-7.194038481E-4
1.416666667E-3,-1.344555058E-2
1.437500000E-3,-3.374458104E-2
1.458333333E-3,-4.878301919E-2
1.479166667E-3,-5.119713768E-2
1.500000000E-3,-4.386924952E-2
1.520833333E-3,-3.304603323E-2
1.541666667E-3,-2.259260230E-2
1.562500000E-3,-1.540675014E-2
1.583333333E-3,-1.300731488E-2
1.604166667E-3,-1.532560959E-2
1.625000000E-3,-1.861568168E-2
1.645833333E-3,-1.860914193E-2
1.666666667E-3,-1.767566428E-2
1.687500000E-3,-1.983835362E-2
1.708333333E-3,-2.534153126E-2
1.729166667E-3,-3.200547397E-2
1.750000000E-3,-3.738704324E-2
1.770833333E-3,-4.055599123E-2
1.791666667E-3,-3.992784023E-2
1.812500000E-3,-3.332810104E-2
1.833333333E-3,-2.197000757E-2
1.854166667E-3,-1.203781925E-2
1.875000000E-3,-9.843768552E-3
1.895833333E-3,-1.513077319E-2
1.916666667E-3,-2.370119095E-2
1.937500000E-3,-3.234403953E-2
1.958333333E-3,-3.973283619E-2
1.979166667E-3,-4.468818754E-2
2.000000000E-3,-4.262010008E-2
2.020833333E-3,-3.036670573E-2
2.041666667E-3,-1.333340071E-2
2.062500000E-3,-1.687322743E-3
2.083333333E-3,1.662676223E-4
2.104166667E-3,-2.130459063E-3
2.125000000E-3,-1.928834477E-3
2.145833333E-3,2.239975147E-4
2.166666667E-3,-1.744790003E-3
2.187500000E-3,-1.244491339E-2
2.208333333E-3,-2.722133324E-2
2.229166667E-3,-3.649476543E-2
2.250000000E-3,-3.780045360E-2
2.270833333E-3,-3.567507863E-2
2.291666667E-3,-3.261741996E-2
2.312500000E-3,-2.589285746E-2
2.333333333E-3,-1.255247463E-2
2.354166667E-3,3.175839782E-3
2.375000000E-3,9.964660741E-3
2.395833333E-3,2.230716869E-3
2.416666667E-3,-1.261097752E-2
2.437500000E-3,-2.417005226E-2
2.458333333E-3,-2.853605896E-2
2.479166667E-3,-2.830951288E-2
2.500000000E-3,-2.581251040E-2
2.520833333E-3,-1.841953583E-2
2.541666667E-3,-5.986448377E-3
2.562500000E-3,5.446839146E-3
2.583333333E-3,1.040393673E-2
2.604166667E-3,6.642322056E-3
2.625000000E-3,-4.779726267E-3
2.645833333E-3,-1.937570050E-2
2.666666667E-3,-3.260677308E-2
2.687500000E-3,-4.128072411E-2
2.708333333E-3,-4.150978476E-2
2.729166667E-3,-3.053294122E-2
2.750000000E-3,-1.181446668E-2
2.770833333E-3,6.248162128E-3
2.791666667E-3,1.835181750E-2
2.812500000E-3,2.504870854E-2
2.833333333E-3,2.618641034E-2
2.854166667E-3,1.838256791E-2
2.875000000E-3,2.375558019E-3
2.895833333E-3,-1.426566020E-2
2.916666667E-3,-2.358360775E-2
2.937500000E-3,-2.358264662E-2
2.958333333E-3,-1.914429292E-2
2.979166667E-3,-1.407926902E-2
3.000000000E-3,-6.274735555E-3
3.020833333E-3,3.827892942E-3
3.041666667E-3,1.051300112E-2
3.062500000E-3,1.114522666E-2
3.083333333E-3,9.370615706E-3
3.104166667E-3,1.120453142E-2
3.125000000E-3,1.679926366E-2
3.145833333E-3,1.848130673E-2
3.166666667E-3,1.281010266E-2
3.187500000E-3,5.769496318E-3
3.208333333E-3,3.076856956E-3
3.229166667E-3,3.590938868E-3
3.250000000E-3,3.322645556E-3
3.270833333E-3,3.571191803E-3
3.291666667E-3,9.572001174E-3
3.312500000E-3,2.058252133E-2
3.333333333E-3,2.931026183E-2
3.354166667E-3,3.040558845E-2
3.375000000E-3,2.615601942E-2
3.395833333E-3,2.334264480E-2
3.416666667E-3,2.315786667E-2
3.437500000E-3,1.964887604E-2
3.458333333E-3,9.738566354E-3
3.479166667E-3,-1.111831516E-3
3.500000000E-3,-3.894929774E-3
3.520833333E-3,3.833595663E-3
3.541666667E-3,1.566748694E-2
3.562500000E-3,2.586970106E-2
3.583333333E-3,3.442982584E-2
3.604166667E-3,4.293745756E-2
3.625000000E-3,4.995848984E-2
3.645833333E-3,5.055880919E-2
3.666666667E-3,4.297206551E-2
3.687500000E-3,3.219469264E-2
3.708333333E-3,2.408351004E-2
3.729166667E-3,2.149562538E-2
3.750000000E-3,2.456631698E-2
3.770833333E-3,3.118918836E-2
3.791666667E-3,3.767929971E-2
3.812500000E-3,3.969711065E-2
3.833333333E-3,3.596453369E-2
3.854166667E-3,3.005658463E-2
3.875000000E-3,2.652432770E-2
3.895833333E-3,2.701612934E-2
3.916666667E-3,2.926071361E-2
3.937500000E-3,3.173945099E-2
3.958333333E-3,3.795596957E-2
3.979166667E-3,4.949453473E-2
4.000000000E-3,6.095305830E-2
4.020833333E-3,6.474665552E-2
4.041666667E-3,5.605841801E-2
4.062500000E-3,3.942253068E-2
4.083333333E-3,2.667450905E-2
4.104166667E-3,2.159636095E-2
4.125000000E-3,1.849934459E-2
4.145833333E-3,1.702492498E-2
4.166666667E-3,2.573384717E-2
4.187500000E-3,4.674042016E-2
4.208333333E-3,6.676851213E-2
4.229166667E-3,7.211370021E-2
4.250000000E-3,6.214210019E-2
4.270833333E-3,4.512028024E-2
4.291666667E-3,2.973704413E-2
4.312500000E-3,1.983024366E-2
4.333333333E-3,1.403889153E-2
4.354166667E-3,1.148179546E-2
4.375000000E-3,1.783835515E-2
4.395833333E-3,3.674510121E-2
4.416666667E-3,5.730450526E-2
4.437500000E-3,6.377709657E-2
4.458333333E-3,5.333025381E-2
4.479166667E-3,3.860808909E-2
4.500000000E-3,3.021007776E-2
4.520833333E-3,2.421829477E-2
4.541666667E-3,1.745059341E-2
4.562500000E-3,1.464271545E-2
4.583333333E-3,1.950208098E-2
4.604166667E-3,3.179058060E-2
4.625000000E-3,4.442538694E-2
4.645833333E-3,5.119945854E-2
4.666666667E-3,5.353972316E-2
4.687500000E-3,5.098575726E-2
4.708333333E-3,4.136810452E-2
4.729166667E-3,2.670194581E-2
4.750000000E-3,1.121647842E-2
4.770833333E-3,-1.934699714E-3
4.791666667E-3,-9.263847955E-3
4.812500000E-3,-2.136243973E-3
4.833333333E-3,2.089358121E-2
4.854166667E-3,4.063965380E-2
4.875000000E-3,4.022443295E-2
4.895833333E-3,2.689717896E-2
4.916666667E-3,1.410048828E-2
4.937500000E-3,7.736368105E-3
4.958333333E-3,1.002975088E-2
4.979166667E-3,1.621358097E-2
5.000000000E-3,2.303664386E-2
5.020833333E-3,2.987863310E-2
5.041666667E-3,3.186338767E-2
5.062500000E-3,3.232302144E-2
5.083333333E-3,2.708064951E-2
5.104166667E-3,1.089767274E-2
5.125000000E-3,6.987147499E-3
5.145833333E-3,1.816548407E-2
5.166666667E-3,2.205682546E-2
5.187500000E-3,1.832054928E-2
5.208333333E-3,9.905893356E-3
5.229166667E-3,4.576052073E-3
5.250000000E-3,1.068903320E-2
5.270833333E-3,1.552865654E-2
5.291666667E-3,1.530017424E-2
5.312500000E-3,1.404389367E-2
5.333333333E-3,1.349325012E-2
5.354166667E-3,1.815316826E-2
5.375000000E-3,2.089365572E-2
5.395833333E-3,1.820343733E-2
5.416666667E-3,1.496186946E-2
5.437500000E-3,9.989962913E-3
5.458333333E-3,3.287573345E-3
5.479166667E-3,-4.938745871E-3
5.500000000E-3,-1.448601857E-2
5.520833333E-3,-2.069054730E-2
5.541666667E-3,-1.963935979E-2
5.562500000E-3,-1.295577083E-2
5.583333333E-3,-5.092682317E-3
5.604166667E-3,3.218217753E-4
5.625000000E-3,2.549990080E-3
5.645833333E-3,5.899523385E-3
5.666666667E-3,5.074337125E-3
5.687500000E-3,-9.626965038E-3
5.708333333E-3,-2.697125264E-2
5.729166667E-3,-3.211632743E-2
5.750000000E-3,-2.478017472E-2
5.770833333E-3,-1.238696743E-2
5.791666667E-3,-3.532487433E-3
5.812500000E-3,9.634252638E-4
5.833333333E-3,2.208818682E-3
5.854166667E-3,-1.887893304E-3
5.875000000E-3,-9.590866044E-3
5.895833333E-3,-1.634272188E-2
5.916666667E-3,-1.971894130E-2
5.937500000E-3,-2.243815176E-2
5.958333333E-3,-2.770525962E-2
5.979166667E-3,-3.470571339E-2
6.000000000E-3,-3.953738511E-2
6.020833333E-3,-3.811602667E-2
6.041666667E-3,-3.476838768E-2
6.062500000E-3,-3.545239568E-2
6.083333333E-3,-3.516624495E-2
6.104166667E-3,-3.029831313E-2
6.125000000E-3,-2.585591935E-2
6.145833333E-3,-2.393268794E-2
6.166666667E-3,-2.261298522E-2
6.187500000E-3,-2.246693708E-2
6.208333333E-3,-2.589800768E-2
6.229166667E-3,-3.051603027E-2
6.250000000E-3,-2.992282063E-2
6.270833333E-3,-2.509443462E-2
6.291666667E-3,-2.265118249E-2
6.312500000E-3,-2.486606501E-2
6.333333333E-3,-3.021795675E-2
6.354166667E-3,-3.528742120E-2
6.375000000E-3,-3.650753945E-2
6.395833333E-3,-3.385277838E-2
6.416666667E-3,-3.110271879E-2
6.437500000E-3,-3.102863766E-2
6.458333333E-3,-3.222180903E-2
6.479166667E-3,-3.190932050E-2
6.500000000E-3,-2.893880382E-2
6.520833333E-3,-2.623755857E-2
6.541666667E-3,-2.663719282E-2
6.562500000E-3,-2.834785543E-2
6.583333333E-3,-3.009550273E-2
6.604166667E-3,-3.174627200E-2
6.625000000E-3,-3.301160038E-2
6.645833333E-3,-3.455649689E-2
6.666666667E-3,-3.586097807E-2
6.687500000E-3,-3.483761847E-2
6.708333333E-3,-3.028058074E-2
6.729166667E-3,-2.490786649E-2
6.750000000E-3,-2.339162119E-2
6.770833333E-3,-2.923483029E-2
6.791666667E-3,-4.284800589E-2
6.812500000E-3,-5.686044693E-2
6.833333333E-3,-6.244662032E-2
6.854166667E-3,-6.020995229E-2
6.875000000E-3,-5.557394773E-2
6.895833333E-3,-5.075574666E-2
6.916666667E-3,-4.490547627E-2
6.937500000E-3,-3.593705595E-2
6.958333333E-3,-2.584718727E-2
6.979166667E-3,-2.271512896E-2
7.000000000E-3,-3.073635325E-2
7.020833333E-3,-4.731595889E-2
7.041666667E-3,-6.682886183E-2
7.062500000E-3,-8.165331185E-2
7.083333333E-3,-8.833294362E-2
7.104166667E-3,-8.699853718E-2
7.125000000E-3,-7.630679011E-2
7.145833333E-3,-5.636383221E-2
7.166666667E-3,-3.293282166E-2
7.187500000E-3,-1.782184653E-2
7.208333333E-3,-1.956968009E-2
7.229166667E-3,-3.458360583E-2
7.250000000E-3,-5.117729306E-2
7.270833333E-3,-6.035920978E-2
7.291666667E-3,-6.374673545E-2
7.312500000E-3,-6.661783904E-2
7.333333333E-3,-6.704349816E-2
7.354166667E-3,-6.121870130E-2
7.375000000E-3,-5.352457613E-2
7.395833333E-3,-5.265450478E-2
7.416666667E-3,-5.957722291E-2
7.437500000E-3,-6.548359245E-2
7.458333333E-3,-6.156837940E-2
7.479166667E-3,-4.821268469E-2
7.500000000E-3,-3.408716992E-2
7.520833333E-3,-2.736130916E-2
7.541666667E-3,-2.954702079E-2
7.562500000E-3,-3.546195105E-2
7.583333333E-3,-3.932559490E-2
7.604166667E-3,-4.151166230E-2
7.625000000E-3,-4.431057721E-2
7.645833333E-3,-4.571868852E-2
7.666666667E-3,-4.505829141E-2
7.687500000E-3,-4.626804963E-2
7.708333333E-3,-5.146570504E-2
7.729166667E-3,-5.948936939E-2
7.750000000E-3,-6.708953530E-2
7.770833333E-3,-6.845211238E-2
7.791666667E-3,-6.036168709E-2
7.812500000E-3,-4.581901431E-2
7.833333333E-3,-3.263661265E-2
7.854166667E-3,-2.868252061E-2
7.875000000E-3,-3.391437232E-2
7.895833333E-3,-4.200306535E-2
7.916666667E-3,-4.760025442E-2
7.937500000E-3,-4.787152261E-2
7.958333333E-3,-4.242033511E-2
7.979166667E-3,-3.239028528E-2
8.000000000E-3,-2.133162692E-2
8.020833333E-3,-1.400020998E-2
8.041666667E-3,-1.284181140E-2
8.062500000E-3,-1.894586720E-2
8.083333333E-3,-3.001108393E-2
8.104166667E-3,-4.158750176E-2
8.125000000E-3,-5.185376853E-2
8.145833333E-3,-5.986039713E-2
8.166666667E-3,-6.489257514E-2
8.187500000E-3,-6.556921452E-2
8.208333333E-3,-6.060156971E-2
8.229166667E-3,-4.999618232E-2
8.250000000E-3,-3.313136846E-2
8.270833333E-3,-1.283109747E-2
8.291666667E-3,3.113870509E-3
8.312500000E-3,5.904744379E-3
8.333333333E-3,-6.690372713E-3
8.354166667E-3,-2.570148930E-2
8.375000000E-3,-4.110123217E-2
8.395833333E-3,-4.839031771E-2
8.416666667E-3,-4.758838192E-2
8.437500000E-3,-4.132809862E-2
8.458333333E-3,-3.222084045E-2
8.479166667E-3,-2.570113167E-2
8.500000000E-3,-2.663799003E-2
8.520833333E-3,-3.314483538E-2
8.541666667E-3,-3.873324394E-2
8.562500000E-3,-3.921431303E-2
8.583333333E-3,-3.682690486E-2
8.604166667E-3,-3.304711729E-2
8.625000000E-3,-2.633309178E-2
8.645833333E-3,-1.861299574E-2
8.666666667E-3,-1.572741009E-2
8.687500000E-3,-2.196781896E-2
8.708333333E-3,-3.265366703E-2
8.729166667E-3,-3.716303036E-2
8.750000000E-3,-3.057233617E-2
8.770833333E-3,-1.888510399E-2
8.791666667E-3,-1.298066601E-2
8.812500000E-3,-1.642365754E-2
8.833333333E-3,-2.332771569E-2
8.854166667E-3,-2.744138800E-2
8.875000000E-3,-2.977352031E-2
8.895833333E-3,-3.452606499E-2
8.916666667E-3,-3.926363587E-2
8.937500000E-3,-3.792639822E-2
8.958333333E-3,-3.133550286E-2
8.979166667E-3,-2.795870975E-2
9.000000000E-3,-3.203756362E-2
9.020833333E-3,-3.802849352E-2
9.041666667E-3,-4.086361825E-2
9.062500000E-3,-4.086425900E-2
9.083333333E-3,-4.034702480E-2
9.104166667E-3,-4.040198028E-2
9.125000000E-3,-3.992937878E-2
9.145833333E-3,-4.019762203E-2
9.166666667E-3,-4.425077140E-2
9.187500000E-3,-5.106341094E-2
9.208333333E-3,-5.624376610E-2
9.229166667E-3,-5.732974038E-2
9.250000000E-3,-5.586577207E-2
9.270833333E-3,-5.459630489E-2
9.291666667E-3,-5.468028039E-2
9.312500000E-3,-5.520479754E-2
9.333333333E-3,-5.622718483E-2
9.354166667E-3,-5.953256413E-2
9.375000000E-3,-6.300054491E-2
9.395833333E-3,-6.220790744E-2
9.416666667E-3,-5.741836876E-2
9.437500000E-3,-5.277260765E-2
9.458333333E-3,-5.229619890E-2
9.479166667E-3,-5.615375191E-2
9.500000000E-3,-6.024469808E-2
9.520833333E-3,-6.293788552E-2
9.541666667E-3,-6.701230258E-2
9.562500000E-3,-7.386955619E-2
9.583333333E-3,-8.056098223E-2
9.604166667E-3,-8.103711158E-2
9.625000000E-3,-7.289001346E-2
9.645833333E-3,-6.219114363E-2
9.666666667E-3,-5.616874993E-2
9.687500000E-3,-5.632188544E-2
9.708333333E-3,-5.992737412E-2
9.729166667E-3,-6.417579204E-2
9.750000000E-3,-6.843131781E-2
9.770833333E-3,-7.151697576E-2
9.791666667E-3,-7.066792250E-2
9.812500000E-3,-6.520294398E-2
9.833333333E-3,-5.836268142E-2
9.854166667E-3,-5.536094308E-2
9.875000000E-3,-6.063713878E-2
9.895833333E-3,-7.467103004E-2
9.916666667E-3,-8.974298835E-2
9.937500000E-3,-9.494147450E-2
9.958333333E-3,-8.739598095E-2
9.979166667E-3,-7.187240571E-2
1.000000000E-2,-5.548187718E-2
1.002083333E-2,-4.617718607E-2
1.004166667E-2,-4.876201972E-2
1.006250000E-2,-6.071239710E-2
1.008333333E-2,-7.421383262E-2
1.010416667E-2,-8.315692842E-2
1.012500000E-2,-8.600199223E-2
1.014583333E-2,-8.300407231E-2
1.016666667E-2,-7.566672564E-2
1.018750000E-2,-6.761988997E-2
1.020833333E-2,-6.282635778E-2
1.022916667E-2,-6.266179681E-2
1.025000000E-2,-6.582202017E-2
1.027083333E-2,-7.082670182E-2
1.029166667E-2,-7.520855963E-2
1.031250000E-2,-7.517793030E-2
1.033333333E-2,-7.162763178E-2
1.035416667E-2,-7.075970620E-2
1.037500000E-2,-7.625835389E-2
1.039583333E-2,-8.618489653E-2
1.041666667E-2,-9.505982697E-2
1.043750000E-2,-9.765554965E-2
1.045833333E-2,-9.293283522E-2
1.047916667E-2,-8.388325572E-2
1.050000000E-2,-7.492161542E-2
1.052083333E-2,-6.854882836E-2
1.054166667E-2,-6.508740783E-2
1.056250000E-2,-6.508421898E-2
1.058333333E-2,-6.955462694E-2
1.060416667E-2,-7.903881371E-2
1.062500000E-2,-8.916371316E-2
1.064583333E-2,-9.201928973E-2
1.066666667E-2,-8.647917956E-2
1.068750000E-2,-7.936073840E-2
1.070833333E-2,-7.923534513E-2
1.072916667E-2,-8.807721734E-2
1.075000000E-2,-9.564374387E-2
1.077083333E-2,-9.104127437E-2
1.079166667E-2,-7.626210153E-2
1.081250000E-2,-6.297390908E-2
1.083333333E-2,-5.941674858E-2
1.085416667E-2,-6.170650572E-2
1.087500000E-2,-6.159806997E-2
1.089583333E-2,-6.061900407E-2
1.091666667E-2,-6.880797446E-2
1.093750000E-2,-8.805641532E-2
1.095833333E-2,-1.045680940E-1
1.097916667E-2,-1.041515470E-1
1.100000000E-2,-8.818131685E-2
1.102083333E-2,-6.992782652E-2
1.104166667E-2,-5.772526562E-2
1.106250000E-2,-4.736705869E-2
1.108333333E-2,-3.529035300E-2
1.110416667E-2,-2.778449655E-2
1.112500000E-2,-3.272687271E-2
1.114583333E-2,-5.016909167E-2
1.116666667E-2,-7.007444650E-2
1.118750000E-2,-8.117745072E-2
1.120833333E-2,-8.093269169E-2
1.122916667E-2,-7.350179553E-2
1.125000000E-2,-6.383886933E-2
1.127083333E-2,-5.416999757E-2
1.129166667E-2,-4.643012583E-2
1.131250000E-2,-4.431203753E-2
1.133333333E-2,-4.759158939E-2
1.135416667E-2,-5.269978195E-2
1.137500000E-2,-5.716613680E-2
1.139583333E-2,-5.873531848E-2
1.141666667E-2,-5.721011013E-2
1.143750000E-2,-5.508098379E-2
1.145833333E-2,-5.393598974E-2
1.147916667E-2,-5.373305082E-2
1.150000000E-2,-5.351221189E-2
1.152083333E-2,-5.288906768E-2
1.154166667E-2,-5.266720057E-2
1.156250000E-2,-5.174228549E-2
1.158333333E-2,-4.834018648E-2
1.160416667E-2,-4.406109452E-2
1.162500000E-2,-4.163463041E-2
1.164583333E-2,-4.227286577E-2
1.166666667E-2,-4.445359856E-2
1.168750000E-2,-4.381295294E-2
1.170833333E-2,-3.998293728E-2
1.172916667E-2,-3.979197145E-2
1.175000000E-2,-4.804864526E-2
1.177083333E-2,-6.042328104E-2
1.179166667E-2,-6.884750724E-2
1.181250000E-2,-7.000687718E-2
1.183333333E-2,-6.615977734E-2
1.185416667E-2,-5.951763690E-2
1.187500000E-2,-5.035537109E-2
1.189583333E-2,-4.152131826E-2
1.191666667E-2,-3.853623569E-2
1.193750000E-2,-4.494708404E-2
1.195833333E-2,-5.797300488E-2
1.197916667E-2,-6.765437126E-2
1.200000000E-2,-6.727641821E-2
1.202083333E-2,-6.063387915E-2
1.204166667E-2,-5.413646623E-2
1.206250000E-2,-4.983279109E-2
1.208333333E-2,-4.725985974E-2
1.210416667E-2,-4.869978875E-2
1.212500000E-2,-5.779624730E-2
1.214583333E-2,-7.057209313E-2
1.216666667E-2,-7.533712685E-2
1.218750000E-2,-6.664106250E-2
1.220833333E-2,-5.305428803E-2
1.222916667E-2,-4.574012756E-2
1.225000000E-2,-4.692268372E-2
1.227083333E-2,-5.150493234E-2
1.229166667E-2,-5.589417741E-2
1.231250000E-2,-6.354995817E-2
1.233333333E-2,-7.518968731E-2
1.235416667E-2,-8.130411804E-2
1.237500000E-2,-7.341043651E-2
1.239583333E-2,-5.607106909E-2
1.241666667E-2,-4.429732263E-2
1.243750000E-2,-4.594991356E-2
1.245833333E-2,-5.211414397E-2
1.247916667E-2,-5.186430365E-2
1.250000000E-2,-4.735609889E-2
1.252083333E-2,-4.903744534E-2
1.254166667E-2,-5.947507918E-2
1.256250000E-2,-6.804201007E-2
1.258333333E-2,-6.560428441E-2
1.260416667E-2,-5.737241358E-2
1.262500000E-2,-5.504825711E-2
1.264583333E-2,-6.184540689E-2
1.266666667E-2,-6.939271092E-2
1.268750000E-2,-6.764690578E-2
1.270833333E-2,-5.741080642E-2
1.272916667E-2,-4.785337672E-2
1.275000000E-2,-4.379134625E-2
1.277083333E-2,-4.473768920E-2
1.279166667E-2,-4.887770116E-2
1.281250000E-2,-5.310258269E-2
1.283333333E-2,-5.470650643E-2
1.285416667E-2,-5.276365206E-2
1.287500000E-2,-4.829414934E-2
1.289583333E-2,-4.310952872E-2
1.291666667E-2,-3.769526631E-2
1.293750000E-2,-3.162275255E-2
1.295833333E-2,-2.656634524E-2
1.297916667E-2,-2.593419328E-2
1.300000000E-2,-3.000046685E-2
1.302083333E-2,-3.489173204E-2
1.304166667E-2,-3.571366519E-2
1.306250000E-2,-3.229928017E-2
1.308333333E-2,-3.038587421E-2
1.310416667E-2,-3.221463785E-2
1.312500000E-2,-3.320506215E-2
1.314583333E-2,-2.794193476E-2
1.316666667E-2,-1.812513918E-2
1.318750000E-2,-1.431675162E-2
1.320833333E-2,-2.143568173E-2
1.322916667E-2,-3.078072704E-2
1.325000000E-2,-3.064307943E-2
1.327083333E-2,-1.834822819E-2
1.329166667E-2,-2.687362023E-3
1.331250000E-2,6.897159852E-3
1.333333333E-2,7.840774022E-3
1.335416667E-2,1.395029947E-3
1.337500000E-2,-8.940962143E-3
1.339583333E-2,-1.722402871E-2
1.341666667E-2,-1.717785373E-2
1.343750000E-2,-7.781987078E-3
1.345833333E-2,4.823732655E-3
1.347916667E-2,1.305206027E-2
1.350000000E-2,1.565824449E-2
1.352083333E-2,1.709342748E-2
1.354166667E-2,1.656946726E-2
1.356250000E-2,1.046582311E-2
1.358333333E-2,3.579230048E-3
1.360416667E-2,5.907446146E-3
1.362500000E-2,2.176148444E-2
1.364583333E-2,4.078455269E-2
1.366666667E-2,4.643974081E-2
1.368750000E-2,3.624381125E-2
1.370833333E-2,2.129076235E-2
1.372916667E-2,1.295070164E-2
1.375000000E-2,1.533591934E-2
1.377083333E-2,2.396671474E-2
1.379166667E-2,3.498492017E-2
1.381250000E-2,4.941823334E-2
1.383333333E-2,6.356809288E-2
1.385416667E-2,7.083270699E-2
1.387500000E-2,6.957575679E-2
1.389583333E-2,6.052277610E-2
1.391666667E-2,4.856425151E-2
1.393750000E-2,4.180052131E-2
1.395833333E-2,4.385434091E-2
1.397916667E-2,5.295520276E-2
1.400000000E-2,6.266148388E-2
1.402083333E-2,6.751861423E-2
1.404166667E-2,6.944634020E-2
1.406250000E-2,7.311612368E-2
1.408333333E-2,7.929329574E-2
1.410416667E-2,8.424343914E-2
1.412500000E-2,8.431657404E-2
1.414583333E-2,7.993056625E-2
1.416666667E-2,7.540163398E-2
1.418750000E-2,7.215156406E-2
1.420833333E-2,6.666354835E-2
1.422916667E-2,6.122373417E-2
1.425000000E-2,6.267550588E-2
1.427083333E-2,7.220837474E-2
1.429166667E-2,8.500035852E-2
1.431250000E-2,9.451504797E-2
1.433333333E-2,1.007518619E-1
1.435416667E-2,1.074911878E-1
1.437500000E-2,1.106381565E-1
1.439583333E-2,1.045102999E-1
1.441666667E-2,9.192022681E-2
1.443750000E-2,8.059801906E-2
1.445833333E-2,7.608177513E-2
1.447916667E-2,7.653866708E-2
1.450000000E-2,7.711981237E-2
1.452083333E-2,8.022360504E-2
1.454166667E-2,8.997533470E-2
1.456250000E-2,1.015463471E-1
1.458333333E-2,1.063790172E-1
1.460416667E-2,1.027242988E-1
1.462500000E-2,9.947746992E-2
1.464583333E-2,1.053868085E-1
1.466666667E-2,1.151991487E-1
1.468750000E-2,1.183801889E-1
1.470833333E-2,1.151285470E-1
1.472916667E-2,1.132934988E-1
1.475000000E-2,1.142827943E-1
1.477083333E-2,1.105883121E-1
1.479166667E-2,9.781470895E-2
1.481250000E-2,8.316563815E-2
1.483333333E-2,7.924149930E-2
1.485416667E-2,8.900275826E-2
1.487500000E-2,1.024157852E-1
1.489583333E-2,1.095359698E-1
1.491666667E-2,1.107010320E-1
1.493750000E-2,1.135644764E-1
1.495833333E-2,1.209605783E-1
1.497916667E-2,1.265341192E-1
1.500000000E-2,1.237558424E-1
1.502083333E-2,1.128780693E-1
1.504166667E-2,9.901127964E-2
1.506250000E-2,8.669396490E-2
1.508333333E-2,7.944477350E-2
1.510416667E-2,7.981075346E-2
1.512500000E-2,8.690768480E-2
1.514583333E-2,9.809279442E-2
1.516666667E-2,1.106143445E-1
1.518750000E-2,1.231435388E-1
1.520833333E-2,1.333510578E-1
1.522916667E-2,1.348290294E-1
1.525000000E-2,1.250031292E-1
1.527083333E-2,1.088976711E-1
1.529166667E-2,9.542420506E-2
1.531250000E-2,9.079355747E-2
1.533333333E-2,9.026941657E-2
1.535416667E-2,8.559082448E-2
1.537500000E-2,7.619439065E-2
1.539583333E-2,6.928618252E-2
1.541666667E-2,7.407066226E-2
1.543750000E-2,8.969418705E-2
1.545833333E-2,1.043858826E-1
1.547916667E-2,1.094700694E-1
1.550000000E-2,1.060701609E-1
1.552083333E-2,1.010529846E-1
1.554166667E-2,9.856995195E-2
1.556250000E-2,9.498252720E-2
1.558333333E-2,8.517621458E-2
1.560416667E-2,7.232898474E-2
1.562500000E-2,6.629998982E-2
1.564583333E-2,7.282143086E-2
1.566666667E-2,8.622854948E-2
1.568750000E-2,9.350496531E-2
1.570833333E-2,8.839038014E-2
1.572916667E-2,7.743056864E-2
1.575000000E-2,7.073427737E-2
1.577083333E-2,7.228178531E-2
1.579166667E-2,7.716135681E-2
1.581250000E-2,7.792862505E-2
1.583333333E-2,7.437741756E-2
1.585416667E-2,7.274945080E-2
1.587500000E-2,7.619302720E-2
1.589583333E-2,8.092486858E-2
1.591666667E-2,8.172252774E-2
1.593750000E-2,7.820859551E-2
1.595833333E-2,7.593414187E-2
1.597916667E-2,7.875961065E-2
1.600000000E-2,8.200670779E-2
1.602083333E-2,7.839086652E-2
1.604166667E-2,6.700216234E-2
1.606250000E-2,5.680538714E-2
1.608333333E-2,5.893108249E-2
1.610416667E-2,7.261648774E-2
1.612500000E-2,8.640755713E-2
1.614583333E-2,8.995202929E-2
1.616666667E-2,8.194343001E-2
1.618750000E-2,7.057586312E-2
1.620833333E-2,6.408028305E-2
1.622916667E-2,6.311453134E-2
1.625000000E-2,6.279904395E-2
1.627083333E-2,6.047061086E-2
1.629166667E-2,6.040605903E-2
1.631250000E-2,6.708665192E-2
1.633333333E-2,7.786744833E-2
1.635416667E-2,8.456923068E-2
1.637500000E-2,8.164960891E-2
1.639583333E-2,7.401540875E-2
1.641666667E-2,7.104784250E-2
1.643750000E-2,7.525389642E-2
1.645833333E-2,8.100634813E-2
1.647916667E-2,7.973366231E-2
1.650000000E-2,6.890635192E-2
1.652083333E-2,5.512708426E-2
1.654166667E-2,4.676285014E-2
1.656250000E-2,4.763511568E-2
1.658333333E-2,5.455590039E-2
1.660416667E-2,6.253713369E-2
1.662500000E-2,7.058440149E-2
1.664583333E-2,7.708573341E-2
1.666666667E-2,7.917996496E-2
1.668750000E-2,7.664947212E-2
1.670833333E-2,7.074739039E-2
1.672916667E-2,6.409614533E-2
1.675000000E-2,6.069619581E-2
1.677083333E-2,6.261977553E-2
1.679166667E-2,6.782461703E-2
1.681250000E-2,7.246117294E-2
1.683333333E-2,7.334414124E-2
1.685416667E-2,6.896317005E-2
1.687500000E-2,6.210455298E-2
1.689583333E-2,5.828917027E-2
1.691666667E-2,6.038563699E-2
1.693750000E-2,6.596501172E-2
1.695833333E-2,6.985920668E-2
1.697916667E-2,7.086402178E-2
1.700000000E-2,7.157937437E-2
1.702083333E-2,7.267036289E-2
1.704166667E-2,7.256638259E-2
1.706250000E-2,6.998066604E-2
1.708333333E-2,6.677821279E-2
1.710416667E-2,6.728538871E-2
1.712500000E-2,7.130677998E-2
1.714583333E-2,7.309284806E-2
1.716666667E-2,6.953424215E-2
1.718750000E-2,6.381563842E-2
1.720833333E-2,6.103303283E-2
1.722916667E-2,6.281333417E-2
1.725000000E-2,6.597954035E-2
1.727083333E-2,6.791289151E-2
1.729166667E-2,6.979119778E-2
1.731250000E-2,7.246045768E-2
1.733333333E-2,7.497004420E-2
1.735416667E-2,7.662080973E-2
1.737500000E-2,7.784301788E-2
1.739583333E-2,7.913143188E-2
1.741666667E-2,7.924209535E-2
1.743750000E-2,7.675456256E-2
1.745833333E-2,7.294764370E-2
1.747916667E-2,7.228399068E-2
1.750000000E-2,7.614200562E-2
1.752083333E-2,7.764923573E-2
1.754166667E-2,7.103236020E-2
1.756250000E-2,5.964014307E-2
1.758333333E-2,5.214356631E-2
1.760416667E-2,5.337595195E-2
1.762500000E-2,5.859008431E-2
1.764583333E-2,6.424590945E-2
1.766666667E-2,7.333756983E-2
1.768750000E-2,8.369079232E-2
1.770833333E-2,8.679513633E-2
1.772916667E-2,7.671397924E-2
1.775000000E-2,5.659448355E-2
1.777083333E-2,3.779972345E-2
1.779166667E-2,3.084111214E-2
1.781250000E-2,3.818967566E-2
1.783333333E-2,5.338728428E-2
1.785416667E-2,6.772244722E-2
1.787500000E-2,7.574248314E-2
1.789583333E-2,7.460255921E-2
1.791666667E-2,6.457346678E-2
1.793750000E-2,4.905181751E-2
1.795833333E-2,3.359540924E-2
1.797916667E-2,2.246898599E-2
1.800000000E-2,1.750676334E-2
1.802083333E-2,2.179655060E-2
1.804166667E-2,3.558619693E-2
1.806250000E-2,5.239775404E-2
1.808333333E-2,6.254528463E-2
1.810416667E-2,5.893565714E-2
1.812500000E-2,4.435579106E-2
1.814583333E-2,2.888734266E-2
1.816666667E-2,2.039898559E-2
1.818750000E-2,2.101022378E-2
1.820833333E-2,2.774073556E-2
1.822916667E-2,3.573356941E-2
1.825000000E-2,4.117795080E-2
1.827083333E-2,4.134076089E-2
1.829166667E-2,3.501566499E-2
1.831250000E-2,2.524230629E-2
1.833333333E-2,1.805154607E-2
1.835416667E-2,1.539619640E-2
1.837500000E-2,1.524044666E-2
1.839583333E-2,1.734456606E-2
1.841666667E-2,2.222440392E-2
1.843750000E-2,2.739076689E-2
1.845833333E-2,2.744740248E-2
1.847916667E-2,1.926562935E-2
1.850000000E-2,7.438852452E-3
1.852083333E-2,5.477082450E-4
1.854166667E-2,1.823805273E-3
1.856250000E-2,7.096750662E-3
1.858333333E-2,1.220981404E-2
1.860416667E-2,1.720043086E-2
1.862500000E-2,2.198472619E-2
1.864583333E-2,2.377048135E-2
1.866666667E-2,1.947410963E-2
1.868750000E-2,1.087236777E-2
1.870833333E-2,5.370153114E-3
1.872916667E-2,5.615063943E-3
1.875000000E-2,5.610869266E-3
1.877083333E-2,1.382350340E-3
1.879166667E-2,-3.250675509E-3
1.881250000E-2,-1.451520249E-3
1.883333333E-2,7.962740026E-3
1.885416667E-2,1.671055518E-2
1.887500000E-2,1.684209704E-2
1.889583333E-2,1.050374284E-2
1.891666667E-2,4.504942801E-3
1.893750000E-2,1.112497412E-3
1.895833333E-2,-2.781045623E-3
1.897916667E-2,-9.206259623E-3
1.900000000E-2,-1.361625083E-2
1.902083333E-2,-1.000428759E-2
1.904166667E-2,1.464653760E-3
1.906250000E-2,1.461586077E-2
1.908333333E-2,2.211074904E-2
1.910416667E-2,2.223153785E-2
1.912500000E-2,1.878390461E-2
1.914583333E-2,1.501573622E-2
1.916666667E-2,1.239997987E-2
1.918750000E-2,9.759424254E-3
1.920833333E-2,4.011936486E-3
1.922916667E-2,-4.992603324E-3
1.925000000E-2,-1.264660619E-2
1.927083333E-2,-1.193201356E-2
1.929166667E-2,-1.801287755E-3
1.931250000E-2,9.356518276E-3
1.933333333E-2,1.518047228E-2
1.935416667E-2,1.857717708E-2
1.937500000E-2,2.495323494E-2
1.939583333E-2,3.323500976E-2
1.941666667E-2,3.600464016E-2
1.943750000E-2,2.900864184E-2
1.945833333E-2,1.569990814E-2
1.947916667E-2,4.100672901E-3
1.950000000E-2,5.760672502E-4
1.952083333E-2,3.807275323E-3
1.954166667E-2,9.902587160E-3
1.956250000E-2,1.810132153E-2
1.958333333E-2,2.794290707E-2
1.960416667E-2,3.855317831E-2
1.962500000E-2,4.706980288E-2
1.964583333E-2,4.883363470E-2
1.966666667E-2,4.231124371E-2
1.968750000E-2,3.048439324E-2
1.970833333E-2,2.001649700E-2
1.972916667E-2,1.725393534E-2
1.975000000E-2,2.321375161E-2
1.977083333E-2,3.320812806E-2
1.979166667E-2,3.994867206E-2
1.981250000E-2,4.071288928E-2
1.983333333E-2,4.054165632E-2
1.985416667E-2,4.313445091E-2
1.987500000E-2,4.478906095E-2
1.989583333E-2,4.264764488E-2
1.991666667E-2,3.996854648E-2
1.993750000E-2,4.221728444E-2
1.995833333E-2,5.077821016E-2
1.997916667E-2,5.704054609E-2
2.000000000E-2,5.130667239E-2
2.002083333E-2,3.685082868E-2
2.004166667E-2,2.704709023E-2
2.006250000E-2,3.192478046E-2
2.008333333E-2,4.656574130E-2
2.010416667E-2,5.866364390E-2
2.012500000E-2,6.623441726E-2
2.014583333E-2,7.382082939E-2
2.016666667E-2,7.955777645E-2
2.018750000E-2,7.683525980E-2
2.020833333E-2,6.386724114E-2
2.022916667E-2,4.836831987E-2
2.025000000E-2,4.056543857E-2
2.027083333E-2,4.185175896E-2
2.029166667E-2,4.748386890E-2
2.031250000E-2,5.654196814E-2
2.033333333E-2,6.893986464E-2
2.035416667E-2,7.793255895E-2
2.037500000E-2,7.458902895E-2
2.039583333E-2,6.258711219E-2
2.041666667E-2,5.770422518E-2
2.043750000E-2,6.502822042E-2
2.045833333E-2,7.285148650E-2
2.047916667E-2,6.965282559E-2
2.050000000E-2,5.770086125E-2
2.052083333E-2,5.096882582E-2
2.054166667E-2,5.612808466E-2
2.056250000E-2,6.375385076E-2
2.058333333E-2,6.464517117E-2
2.060416667E-2,6.343971193E-2
2.062500000E-2,6.936196983E-2
2.064583333E-2,7.958006859E-2
2.066666667E-2,8.091449738E-2
2.068750000E-2,6.712304056E-2
2.070833333E-2,4.762522131E-2
2.072916667E-2,3.530340269E-2
2.075000000E-2,3.279022872E-2
2.077083333E-2,3.726183623E-2
2.079166667E-2,4.847215116E-2
2.081250000E-2,6.642132998E-2
2.083333333E-2,8.460423350E-2
2.085416667E-2,9.095943719E-2
2.087500000E-2,8.028942347E-2
2.089583333E-2,6.065210700E-2
2.091666667E-2,4.393433779E-2
2.093750000E-2,3.464816511E-2
2.095833333E-2,3.187356889E-2
2.097916667E-2,3.577044606E-2
2.100000000E-2,4.573392868E-2
2.102083333E-2,5.721434206E-2
2.104166667E-2,6.216343492E-2
2.106250000E-2,5.535592139E-2
2.108333333E-2,4.327220097E-2
2.110416667E-2,3.902537003E-2
2.112500000E-2,4.614057764E-2
2.114583333E-2,5.484329164E-2
2.116666667E-2,5.556149036E-2
2.118750000E-2,4.762384295E-2
2.120833333E-2,3.504983708E-2
2.122916667E-2,2.201889083E-2
2.125000000E-2,1.271212380E-2
2.127083333E-2,1.336117648E-2
2.129166667E-2,2.840498462E-2
2.131250000E-2,5.135999620E-2
2.133333333E-2,6.779309362E-2
2.135416667E-2,6.816081703E-2
2.137500000E-2,5.381607637E-2
2.139583333E-2,3.458981961E-2
2.141666667E-2,2.111352980E-2
2.143750000E-2,1.813645661E-2
2.145833333E-2,2.490975149E-2
2.147916667E-2,3.625760972E-2
2.150000000E-2,4.432369024E-2
2.152083333E-2,4.427070171E-2
2.154166667E-2,3.708857298E-2
2.156250000E-2,2.713619359E-2
2.158333333E-2,1.820954494E-2
2.160416667E-2,1.392930839E-2
2.162500000E-2,1.795957796E-2
2.164583333E-2,2.933029458E-2
2.166666667E-2,4.247136414E-2
2.168750000E-2,5.122621730E-2
2.170833333E-2,5.313042179E-2
2.172916667E-2,4.997086525E-2
2.175000000E-2,4.326608405E-2
2.177083333E-2,3.541520610E-2
2.179166667E-2,2.933157608E-2
2.181250000E-2,2.561330423E-2
2.183333333E-2,2.477809228E-2
2.185416667E-2,2.669162862E-2
2.187500000E-2,3.165465221E-2
2.189583333E-2,4.041210935E-2
2.191666667E-2,5.033452809E-2
2.193750000E-2,5.820662528E-2
2.195833333E-2,6.136669964E-2
2.197916667E-2,5.617327988E-2
2.200000000E-2,4.214663431E-2
2.202083333E-2,2.498802915E-2
2.204166667E-2,1.335640438E-2
2.206250000E-2,1.416617725E-2
2.208333333E-2,2.877989784E-2
2.210416667E-2,4.952621087E-2
2.212500000E-2,6.371909380E-2
2.214583333E-2,6.282781065E-2
2.216666667E-2,4.851109535E-2
2.218750000E-2,3.274734691E-2
2.220833333E-2,2.497366071E-2
2.222916667E-2,2.291142568E-2
2.225000000E-2,2.270811796E-2
2.227083333E-2,2.630559728E-2
2.229166667E-2,3.571669757E-2
2.231250000E-2,4.677780718E-2
2.233333333E-2,5.224913731E-2
2.235416667E-2,5.072961003E-2
2.237500000E-2,4.673223197E-2
2.239583333E-2,4.417388886E-2
2.241666667E-2,4.346632957E-2
2.243750000E-2,4.071152955E-2
2.245833333E-2,3.156815469E-2
2.247916667E-2,1.897230372E-2
2.250000000E-2,1.201238669E-2
2.252083333E-2,1.540448703E-2
2.254166667E-2,2.478886023E-2
2.256250000E-2,3.376526013E-2
2.258333333E-2,4.040935263E-2
2.260416667E-2,4.475673288E-2
2.262500000E-2,4.527375102E-2
2.264583333E-2,4.129844159E-2
2.266666667E-2,3.656391054E-2
2.268750000E-2,3.561704606E-2
2.270833333E-2,3.713044152E-2
2.272916667E-2,3.527112678E-2
2.275000000E-2,2.717301250E-2
2.277083333E-2,1.775523834E-2
2.279166667E-2,1.474041492E-2
2.281250000E-2,1.879500598E-2
2.283333333E-2,2.462195978E-2
2.285416667E-2,2.902433649E-2
2.287500000E-2,3.325942159E-2
2.289583333E-2,3.820884228E-2
2.291666667E-2,3.946217522E-2
2.293750000E-2,3.303110972E-2
2.295833333E-2,2.282280475E-2
2.297916667E-2,1.668536663E-2
2.300000000E-2,1.740945876E-2
2.302083333E-2,2.000866085E-2
2.304166667E-2,1.986499690E-2
2.306250000E-2,1.890582964E-2
2.308333333E-2,1.854580268E-2
2.310416667E-2,1.459055301E-2
2.312500000E-2,5.519322585E-3
2.314583333E-2,-1.599734649E-3
2.316666667E-2,8.481452242E-4
2.318750000E-2,1.139795966E-2
2.320833333E-2,2.015867457E-2
2.322916667E-2,1.934563369E-2
2.325000000E-2,1.220195182E-2
2.327083333E-2,7.296133786E-3
2.329166667E-2,6.672377698E-3
2.331250000E-2,4.360859748E-3
2.333333333E-2,-3.023531288E-3
2.335416667E-2,-8.151353337E-3
2.337500000E-2,-2.446664497E-3
2.339583333E-2,9.918309748E-3
2.341666667E-2,1.655587181E-2
2.343750000E-2,1.257654466E-2
2.345833333E-2,4.240011796E-3
2.347916667E-2,-1.207016059E-3
2.350000000E-2,-2.990794834E-3
2.352083333E-2,-4.439117387E-3
2.354166667E-2,-7.580386009E-3
2.356250000E-2,-1.179582067E-2
2.358333333E-2,-1.473283581E-2
2.360416667E-2,-1.393842045E-2
2.362500000E-2,-1.075138710E-2
2.364583333E-2,-9.291299619E-3
2.366666667E-2,-1.066481508E-2
2.368750000E-2,-1.192325726E-2
2.370833333E-2,-9.194098413E-3
2.372916667E-2,-2.916647587E-3
2.375000000E-2,6.934180856E-4
2.377083333E-2,-3.272374161E-3
2.379166667E-2,-1.336592622E-2
2.381250000E-2,-2.284016460E-2
2.383333333E-2,-2.559474856E-2
2.385416667E-2,-2.313154005E-2
2.387500000E-2,-2.037079446E-2
2.389583333E-2,-1.886138320E-2
2.391666667E-2,-1.759379171E-2
2.393750000E-2,-1.528434549E-2
2.395833333E-2,-1.365042292E-2
2.397916667E-2,-1.531599648E-2
2.400000000E-2,-1.889435574E-2
2.402083333E-2,-2.271341532E-2
2.404166667E-2,-2.688252181E-2
2.406250000E-2,-3.000393510E-2
2.408333333E-2,-3.040346876E-2
2.410416667E-2,-2.925357968E-2
2.412500000E-2,-2.931808680E-2
2.414583333E-2,-3.133025020E-2
2.416666667E-2,-3.180422634E-2
2.418750000E-2,-2.559201047E-2
2.420833333E-2,-1.449171826E-2
2.422916667E-2,-8.966362104E-3
2.425000000E-2,-1.634386927E-2
2.427083333E-2,-3.171300516E-2
2.429166667E-2,-4.315475002E-2
2.431250000E-2,-4.485443980E-2
2.433333333E-2,-4.066276178E-2
2.435416667E-2,-3.511868417E-2
2.437500000E-2,-2.838169783E-2
2.439583333E-2,-2.068191394E-2
2.441666667E-2,-1.664456353E-2
2.443750000E-2,-2.102877200E-2
2.445833333E-2,-3.166535497E-2
2.447916667E-2,-3.951865062E-2
2.450000000E-2,-3.715471923E-2
2.452083333E-2,-2.793250605E-2
2.454166667E-2,-2.193045244E-2
2.456250000E-2,-2.399471775E-2
2.458333333E-2,-3.071184829E-2
2.460416667E-2,-3.584677354E-2
2.462500000E-2,-3.573238850E-2
2.464583333E-2,-2.959334850E-2
2.466666667E-2,-1.882717386E-2
2.468750000E-2,-8.184699342E-3
2.470833333E-2,-4.055823199E-3
2.472916667E-2,-1.020649448E-2
2.475000000E-2,-2.529579774E-2
2.477083333E-2,-4.430563003E-2
2.479166667E-2,-6.071329862E-2
2.481250000E-2,-6.691420823E-2
2.483333333E-2,-5.759067833E-2
2.485416667E-2,-3.572340310E-2
2.487500000E-2,-1.241888199E-2
2.489583333E-2,1.119701192E-3
2.491666667E-2,8.442699909E-4
2.493750000E-2,-1.012807060E-2
2.495833333E-2,-2.648401260E-2
2.497916667E-2,-4.227738827E-2
2.500000000E-2,-5.076084286E-2
2.502083333E-2,-4.912469536E-2
2.504166667E-2,-4.079739749E-2
2.506250000E-2,-3.195999563E-2
2.508333333E-2,-2.721554413E-2
2.510416667E-2,-2.674503624E-2
2.512500000E-2,-2.765619941E-2
2.514583333E-2,-2.803115547E-2
2.516666667E-2,-2.915513515E-2
2.518750000E-2,-3.271627426E-2
2.520833333E-2,-3.693170846E-2
2.522916667E-2,-3.787007928E-2
2.525000000E-2,-3.413759917E-2
2.527083333E-2,-2.936068550E-2
2.529166667E-2,-2.791100740E-2
2.531250000E-2,-3.013561666E-2
2.533333333E-2,-3.378716111E-2
2.535416667E-2,-3.680435568E-2
2.537500000E-2,-3.905420750E-2
2.539583333E-2,-4.183137044E-2
2.541666667E-2,-4.459904134E-2
2.543750000E-2,-4.464603961E-2
2.545833333E-2,-4.153919220E-2
2.547916667E-2,-3.889123350E-2
2.550000000E-2,-4.035722464E-2
2.552083333E-2,-4.505776614E-2
2.554166667E-2,-4.812792689E-2
2.556250000E-2,-4.907517135E-2
2.558333333E-2,-5.295063555E-2
2.560416667E-2,-5.978841335E-2
2.562500000E-2,-6.442268938E-2
2.564583333E-2,-6.519524753E-2
2.566666667E-2,-6.514817476E-2
2.568750000E-2,-6.608507037E-2
2.570833333E-2,-6.505659968E-2
2.572916667E-2,-5.892283469E-2
2.575000000E-2,-4.951146245E-2
2.577083333E-2,-4.300880432E-2
2.579166667E-2,-4.471530765E-2
2.581250000E-2,-5.478710309E-2
2.583333333E-2,-6.789441407E-2
2.585416667E-2,-7.689956576E-2
2.587500000E-2,-8.086496592E-2
2.589583333E-2,-8.244438469E-2
2.591666667E-2,-7.902150601E-2
2.593750000E-2,-6.948231906E-2
2.595833333E-2,-6.064388156E-2
2.597916667E-2,-5.977085233E-2
2.600000000E-2,-6.776446849E-2
2.602083333E-2,-7.843520492E-2
2.604166667E-2,-8.408495784E-2
2.606250000E-2,-8.308861405E-2
2.608333333E-2,-7.842272520E-2
2.610416667E-2,-7.127432525E-2
2.612500000E-2,-6.167577207E-2
2.614583333E-2,-5.541569740E-2
2.616666667E-2,-6.134737656E-2
2.618750000E-2,-7.678146660E-2
2.620833333E-2,-8.841270208E-2
2.622916667E-2,-8.864279091E-2
2.625000000E-2,-8.145530522E-2
2.627083333E-2,-7.471361011E-2
2.629166667E-2,-6.924878061E-2
2.631250000E-2,-6.353129447E-2
2.633333333E-2,-6.218824536E-2
2.635416667E-2,-6.869712472E-2
2.637500000E-2,-8.131426573E-2
2.639583333E-2,-9.171970189E-2
2.641666667E-2,-9.009608626E-2
2.643750000E-2,-8.006530255E-2
2.645833333E-2,-7.301636040E-2
2.647916667E-2,-7.293765247E-2
2.650000000E-2,-7.483768463E-2
2.652083333E-2,-7.246133685E-2
2.654166667E-2,-6.977196038E-2
2.656250000E-2,-7.581348717E-2
2.658333333E-2,-8.582100272E-2
2.660416667E-2,-8.566245437E-2
2.662500000E-2,-7.448723912E-2
2.664583333E-2,-6.524460763E-2
2.666666667E-2,-6.680513918E-2
2.668750000E-2,-7.528652996E-2
2.670833333E-2,-8.215743303E-2
2.672916667E-2,-8.724854887E-2
2.675000000E-2,-9.367464483E-2
2.677083333E-2,-9.788666666E-2
2.679166667E-2,-9.488382190E-2
2.681250000E-2,-8.530981839E-2
2.683333333E-2,-7.614228129E-2
2.685416667E-2,-7.333514839E-2
2.687500000E-2,-7.565267384E-2
2.689583333E-2,-7.712353766E-2
2.691666667E-2,-7.449923456E-2
2.693750000E-2,-7.272676378E-2
2.695833333E-2,-7.464890927E-2
2.697916667E-2,-7.532882690E-2
2.700000000E-2,-7.244551182E-2
2.702083333E-2,-6.817390025E-2
2.704166667E-2,-6.780799478E-2
2.706250000E-2,-7.618434727E-2
2.708333333E-2,-8.811537921E-2
2.710416667E-2,-9.466502070E-2
2.712500000E-2,-9.362462163E-2
2.714583333E-2,-8.669273555E-2
2.716666667E-2,-7.811951637E-2
2.718750000E-2,-7.167975605E-2
2.720833333E-2,-6.791821122E-2
2.722916667E-2,-6.768638641E-2
2.725000000E-2,-6.935724616E-2
2.727083333E-2,-7.192692161E-2
2.729166667E-2,-7.706159353E-2
2.731250000E-2,-8.195209503E-2
2.733333333E-2,-8.502513915E-2
2.735416667E-2,-8.657371253E-2
2.737500000E-2,-8.442196250E-2
2.739583333E-2,-7.862599194E-2
2.741666667E-2,-7.126056403E-2
2.743750000E-2,-6.605439633E-2
2.745833333E-2,-6.430570781E-2
2.747916667E-2,-6.331600249E-2
2.750000000E-2,-6.257958710E-2
2.752083333E-2,-6.356966496E-2
2.754166667E-2,-6.898259372E-2
2.756250000E-2,-7.826262712E-2
2.758333333E-2,-8.444410563E-2
2.760416667E-2,-8.174113929E-2
2.762500000E-2,-7.354356349E-2
2.764583333E-2,-6.982704997E-2
2.766666667E-2,-7.244703919E-2
2.768750000E-2,-7.393079996E-2
2.770833333E-2,-7.027006894E-2
2.772916667E-2,-6.673842669E-2
2.775000000E-2,-7.267238200E-2
2.777083333E-2,-8.656215668E-2
2.779166667E-2,-9.685640782E-2
2.781250000E-2,-9.748753160E-2
2.783333333E-2,-9.205970913E-2
2.785416667E-2,-8.711579442E-2
2.787500000E-2,-8.439455926E-2
2.789583333E-2,-8.348293602E-2
2.791666667E-2,-8.561961353E-2
2.793750000E-2,-9.108671546E-2
2.795833333E-2,-9.807402641E-2
2.797916667E-2,-1.031351835E-1
2.800000000E-2,-1.060799956E-1
2.802083333E-2,-1.107621118E-1
2.804166667E-2,-1.181983501E-1
2.806250000E-2,-1.236343682E-1
2.808333333E-2,-1.216232255E-1
2.810416667E-2,-1.147457808E-1
2.812500000E-2,-1.119797602E-1
2.814583333E-2,-1.167292371E-1
2.816666667E-2,-1.214550138E-1
2.818750000E-2,-1.175140291E-1
2.820833333E-2,-1.077726185E-1
2.822916667E-2,-1.022235081E-1
2.825000000E-2,-1.049990430E-1
2.827083333E-2,-1.111654192E-1
2.829166667E-2,-1.131870896E-1
2.831250000E-2,-1.107930839E-1
2.833333333E-2,-1.117792428E-1
2.835416667E-2,-1.181176677E-1
2.837500000E-2,-1.222443879E-1
2.839583333E-2,-1.199546009E-1
2.841666667E-2,-1.138938740E-1
2.843750000E-2,-1.104041487E-1
2.845833333E-2,-1.141392142E-1
2.847916667E-2,-1.201920882E-1
2.850000000E-2,-1.205120832E-1
2.852083333E-2,-1.126116067E-1
2.854166667E-2,-1.007143408E-1
2.856250000E-2,-9.457729757E-2
2.858333333E-2,-9.987439960E-2
2.860416667E-2,-1.125044748E-1
2.862500000E-2,-1.247734353E-1
2.864583333E-2,-1.309490651E-1
2.866666667E-2,-1.300046593E-1
2.868750000E-2,-1.266535670E-1
2.870833333E-2,-1.251359731E-1
2.872916667E-2,-1.238138005E-1
2.875000000E-2,-1.200306416E-1
2.877083333E-2,-1.148738563E-1
2.879166667E-2,-1.137642190E-1
2.881250000E-2,-1.200918183E-1
2.883333333E-2,-1.269830167E-1
2.885416667E-2,-1.260227561E-1
2.887500000E-2,-1.181884706E-1
2.889583333E-2,-1.117460430E-1
2.891666667E-2,-1.148559600E-1
2.893750000E-2,-1.260938495E-1
2.895833333E-2,-1.351647675E-1
2.897916667E-2,-1.344699562E-1
2.900000000E-2,-1.256731153E-1
2.902083333E-2,-1.171533614E-1
2.904166667E-2,-1.141957045E-1
2.906250000E-2,-1.126877517E-1
2.908333333E-2,-1.088134572E-1
2.910416667E-2,-1.085393876E-1
2.912500000E-2,-1.174299568E-1
2.914583333E-2,-1.305533946E-1
2.916666667E-2,-1.378668845E-1
2.918750000E-2,-1.327096224E-1
2.920833333E-2,-1.184968129E-1
2.922916667E-2,-1.061693281E-1
2.925000000E-2,-1.028268933E-1
2.927083333E-2,-1.079775691E-1
2.929166667E-2,-1.164061725E-1
2.931250000E-2,-1.225185394E-1
2.933333333E-2,-1.236031801E-1
2.935416667E-2,-1.185681373E-1
2.937500000E-2,-1.095949411E-1
2.939583333E-2,-1.029874980E-1
2.941666667E-2,-1.027057096E-1
2.943750000E-2,-1.077616215E-1
2.945833333E-2,-1.148053706E-1
2.947916667E-2,-1.191387549E-1
2.950000000E-2,-1.171541736E-1
2.952083333E-2,-1.090874299E-1
2.954166667E-2,-9.875683486E-2
2.956250000E-2,-9.194900095E-2
2.958333333E-2,-9.302105755E-2
2.960416667E-2,-1.012832224E-1
2.962500000E-2,-1.104900092E-1
2.964583333E-2,-1.135673374E-1
2.966666667E-2,-1.096067578E-1
2.968750000E-2,-1.019858420E-1
2.970833333E-2,-9.210100770E-2
2.972916667E-2,-8.072292805E-2
2.975000000E-2,-7.099249214E-2
2.977083333E-2,-6.760905683E-2
2.979166667E-2,-7.245066017E-2
2.981250000E-2,-8.236688375E-2
2.983333333E-2,-9.248784930E-2
2.985416667E-2,-9.715754539E-2
2.987500000E-2,-9.313988686E-2
2.989583333E-2,-8.343376219E-2
2.991666667E-2,-7.273608446E-2
2.993750000E-2,-6.428999454E-2
2.995833333E-2,-5.962532386E-2
2.997916667E-2,-5.779087543E-2
3.000000000E-2,-5.757122487E-2
3.002083333E-2,-6.032944843E-2
3.004166667E-2,-6.787193567E-2
3.006250000E-2,-7.664956152E-2
3.008333333E-2,-8.059407771E-2
3.010416667E-2,-7.913331687E-2
3.012500000E-2,-7.681088150E-2
3.014583333E-2,-7.658369839E-2
3.016666667E-2,-7.496445626E-2
3.018750000E-2,-6.828437001E-2
3.020833333E-2,-6.109011546E-2
3.022916667E-2,-5.994088203E-2
3.025000000E-2,-6.481121480E-2
3.027083333E-2,-7.175594568E-2
3.029166667E-2,-7.825912535E-2
3.031250000E-2,-8.404564857E-2
3.033333333E-2,-8.881013840E-2
3.035416667E-2,-8.904497325E-2
3.037500000E-2,-8.082696795E-2
3.039583333E-2,-6.763974577E-2
3.041666667E-2,-5.877560750E-2
3.043750000E-2,-5.845325068E-2
3.045833333E-2,-6.238334626E-2
3.047916667E-2,-6.613027304E-2
3.050000000E-2,-7.023318857E-2
3.052083333E-2,-7.590474188E-2
3.054166667E-2,-8.038654178E-2
3.056250000E-2,-7.889441401E-2
3.058333333E-2,-7.336704433E-2
3.060416667E-2,-7.205162942E-2
3.062500000E-2,-7.713710517E-2
3.064583333E-2,-8.170135319E-2
3.066666667E-2,-7.861381769E-2
3.068750000E-2,-7.044597715E-2
3.070833333E-2,-6.694333255E-2
3.072916667E-2,-7.074779272E-2
3.075000000E-2,-7.487313449E-2
3.077083333E-2,-7.377441972E-2
3.079166667E-2,-7.121452689E-2
3.081250000E-2,-7.505406439E-2
3.083333333E-2,-8.348505944E-2
3.085416667E-2,-8.522935212E-2
3.087500000E-2,-7.583077252E-2
3.089583333E-2,-6.406131387E-2
3.091666667E-2,-5.992879346E-2
3.093750000E-2,-6.231753901E-2
3.095833333E-2,-6.338872015E-2
3.097916667E-2,-6.155553460E-2
3.100000000E-2,-6.029796973E-2
3.102083333E-2,-5.945144594E-2
3.104166667E-2,-5.767938495E-2
3.106250000E-2,-5.607790127E-2
3.108333333E-2,-5.699246004E-2
3.110416667E-2,-6.245640293E-2
3.112500000E-2,-6.985173374E-2
3.114583333E-2,-7.363282144E-2
3.116666667E-2,-7.363697886E-2
3.118750000E-2,-7.393068820E-2
3.120833333E-2,-7.433851063E-2
3.122916667E-2,-7.005979121E-2
3.125000000E-2,-5.957201123E-2
3.127083333E-2,-5.021408945E-2
3.129166667E-2,-5.150854588E-2
3.131250000E-2,-6.190523505E-2
3.133333333E-2,-7.284786552E-2
3.135416667E-2,-8.082875609E-2
3.137500000E-2,-8.504696190E-2
3.139583333E-2,-8.461786062E-2
3.141666667E-2,-7.870861888E-2
3.143750000E-2,-6.741481274E-2
3.145833333E-2,-5.628472194E-2
3.147916667E-2,-5.192880332E-2
3.150000000E-2,-5.576848984E-2
3.152083333E-2,-6.493140012E-2
3.154166667E-2,-7.449897379E-2
3.156250000E-2,-8.094020933E-2
3.158333333E-2,-8.270218968E-2
3.160416667E-2,-7.819613814E-2
3.162500000E-2,-6.782786548E-2
3.164583333E-2,-5.837682635E-2
3.166666667E-2,-5.815086886E-2
3.168750000E-2,-6.637138873E-2
3.170833333E-2,-7.324743271E-2
3.172916667E-2,-7.007609308E-2
3.175000000E-2,-6.054557860E-2
3.177083333E-2,-5.448655412E-2
3.179166667E-2,-5.219681188E-2
3.181250000E-2,-5.112747848E-2
3.183333333E-2,-5.348183587E-2
3.185416667E-2,-6.021071225E-2
3.187500000E-2,-6.868705153E-2
3.189583333E-2,-7.304719090E-2
3.191666667E-2,-6.923929602E-2
3.193750000E-2,-5.827615410E-2
3.195833333E-2,-4.478718340E-2
3.197916667E-2,-3.711867332E-2
3.200000000E-2,-4.100181162E-2
3.202083333E-2,-5.208501220E-2
3.204166667E-2,-6.007222831E-2
3.206250000E-2,-6.072203070E-2
3.208333333E-2,-5.649330467E-2
3.210416667E-2,-4.762781411E-2
3.212500000E-2,-3.505552560E-2
3.214583333E-2,-2.510310337E-2
3.216666667E-2,-2.339370921E-2
3.218750000E-2,-2.910499275E-2
3.220833333E-2,-3.972328827E-2
3.222916667E-2,-5.354142934E-2
3.225000000E-2,-6.216169521E-2
3.227083333E-2,-5.633767694E-2
3.229166667E-2,-3.785506636E-2
3.231250000E-2,-1.833556965E-2
3.233333333E-2,-1.048883609E-2
3.235416667E-2,-1.548325457E-2
3.237500000E-2,-2.384259365E-2
3.239583333E-2,-2.831729501E-2
3.241666667E-2,-2.957434952E-2
3.243750000E-2,-3.150052577E-2
3.245833333E-2,-3.083030134E-2
3.247916667E-2,-2.155598067E-2
3.250000000E-2,-6.735296454E-3
3.252083333E-2,4.128952976E-3
3.254166667E-2,4.574925639E-3
3.256250000E-2,-2.524892334E-3
3.258333333E-2,-1.057883166E-2
3.260416667E-2,-1.524209883E-2
3.262500000E-2,-1.430526748E-2
3.264583333E-2,-1.182097476E-2
3.266666667E-2,-1.016779616E-2
3.268750000E-2,-3.754377365E-3
3.270833333E-2,7.208464202E-3
3.272916667E-2,1.611853577E-2
3.275000000E-2,1.974540018E-2
3.277083333E-2,1.658595726E-2
3.279166667E-2,8.100453764E-3
3.281250000E-2,-2.027675509E-4
3.283333333E-2,-4.555678926E-3
3.285416667E-2,-4.890139215E-3
3.287500000E-2,-3.651837353E-3
3.289583333E-2,-1.177149825E-3
3.291666667E-2,5.822526757E-3
3.293750000E-2,1.614454016E-2
3.295833333E-2,2.500175312E-2
3.297916667E-2,3.061062284E-2
3.300000000E-2,3.180848807E-2
3.302083333E-2,2.993613109E-2
3.304166667E-2,3.046843037E-2
3.306250000E-2,3.375545144E-2
3.308333333E-2,3.325567394E-2
3.310416667E-2,2.724281512E-2
3.312500000E-2,2.154146321E-2
3.314583333E-2,1.982359216E-2
3.316666667E-2,2.307522111E-2
3.318750000E-2,3.044705465E-2
3.320833333E-2,3.582748771E-2
3.322916667E-2,3.703650832E-2
3.325000000E-2,3.827753291E-2
3.327083333E-2,4.144671559E-2
3.329166667E-2,4.530256987E-2
3.331250000E-2,4.478155077E-2
3.333333333E-2,3.654339164E-2
3.335416667E-2,2.677986026E-2
3.337500000E-2,2.409470081E-2
3.339583333E-2,2.958379313E-2
3.341666667E-2,3.620614111E-2
3.343750000E-2,3.769352287E-2
3.345833333E-2,3.529973328E-2
3.347916667E-2,3.405048698E-2
3.350000000E-2,3.562389314E-2
3.352083333E-2,3.636143729E-2
3.354166667E-2,3.334239870E-2
3.356250000E-2,2.794239298E-2
3.358333333E-2,2.573063225E-2
3.360416667E-2,3.129968792E-2
3.362500000E-2,3.827335313E-2
3.364583333E-2,3.745046258E-2
3.366666667E-2,3.088292852E-2
3.368750000E-2,2.649006620E-2
3.370833333E-2,2.724602818E-2
3.372916667E-2,2.966304496E-2
3.375000000E-2,2.961690351E-2
3.377083333E-2,2.614479512E-2
3.379166667E-2,2.093316242E-2
3.381250000E-2,1.788463444E-2
3.383333333E-2,2.035959624E-2
3.385416667E-2,2.703143284E-2
3.387500000E-2,3.295020387E-2
3.389583333E-2,3.406713903E-2
3.391666667E-2,2.924980968E-2
3.393750000E-2,2.168942988E-2
3.395833333E-2,1.633201167E-2
3.397916667E-2,1.319826208E-2
3.400000000E-2,1.018067077E-2
3.402083333E-2,9.815308265E-3
3.404166667E-2,1.431980077E-2
3.406250000E-2,1.988594234E-2
3.408333333E-2,2.151469886E-2
3.410416667E-2,1.690687053E-2
3.412500000E-2,8.825820871E-3
3.414583333E-2,4.880832508E-3
3.416666667E-2,8.150769398E-3
3.418750000E-2,1.495840866E-2
3.420833333E-2,2.116020396E-2
3.422916667E-2,2.568903007E-2
3.425000000E-2,2.899817750E-2
3.427083333E-2,2.840433456E-2
3.429166667E-2,2.204689570E-2
3.431250000E-2,1.314205676E-2
3.433333333E-2,7.702856790E-3
3.435416667E-2,1.054889336E-2
3.437500000E-2,1.955046691E-2
3.439583333E-2,2.728366479E-2
3.441666667E-2,2.782543376E-2
3.443750000E-2,2.340951562E-2
3.445833333E-2,2.133144438E-2
3.447916667E-2,2.338024415E-2
3.450000000E-2,2.756118029E-2
3.452083333E-2,3.204131126E-2
3.454166667E-2,3.732308745E-2
3.456250000E-2,4.282144457E-2
3.458333333E-2,4.312897101E-2
3.460416667E-2,4.024269059E-2
3.462500000E-2,3.871076554E-2
3.464583333E-2,3.655671701E-2
3.466666667E-2,3.781997412E-2
3.468750000E-2,4.685278982E-2
3.470833333E-2,5.713669956E-2
3.472916667E-2,6.135592610E-2
3.475000000E-2,5.855735019E-2
3.477083333E-2,5.112553388E-2
3.479166667E-2,4.215819389E-2
3.481250000E-2,3.499725834E-2
3.483333333E-2,3.376138210E-2
3.485416667E-2,4.059259593E-2
3.487500000E-2,4.935083911E-2
3.489583333E-2,5.410644412E-2
3.491666667E-2,5.869210884E-2
3.493750000E-2,6.223084778E-2
3.495833333E-2,5.765471235E-2
3.497916667E-2,4.743076116E-2
3.500000000E-2,4.044731334E-2
3.502083333E-2,4.399873316E-2
3.504166667E-2,5.873331428E-2
3.506250000E-2,7.542821765E-2
3.508333333E-2,8.457189053E-2
3.510416667E-2,8.425766230E-2
3.512500000E-2,7.935547829E-2
3.514583333E-2,7.579515874E-2
3.516666667E-2,7.299816608E-2
3.518750000E-2,6.800651550E-2
3.520833333E-2,6.281045079E-2
3.522916667E-2,6.214253604E-2
3.525000000E-2,6.829955429E-2
3.527083333E-2,7.796980441E-2
3.529166667E-2,8.516891301E-2
3.531250000E-2,8.677563071E-2
3.533333333E-2,8.496783674E-2
3.535416667E-2,8.507152647E-2
3.537500000E-2,8.931884170E-2
3.539583333E-2,9.564188123E-2
3.541666667E-2,1.010270417E-1
3.543750000E-2,1.041731238E-1
3.545833333E-2,1.066980734E-1
3.547916667E-2,1.092418879E-1
3.550000000E-2,1.092117876E-1
3.552083333E-2,1.043384969E-1
3.554166667E-2,9.551550448E-2
3.556250000E-2,8.887597919E-2
3.558333333E-2,9.214793146E-2
3.560416667E-2,1.032201946E-1
3.562500000E-2,1.110146940E-1
3.564583333E-2,1.098577455E-1
3.566666667E-2,1.040542945E-1
3.568750000E-2,1.010940820E-1
3.570833333E-2,1.024934202E-1
3.572916667E-2,1.023908854E-1
3.575000000E-2,9.851287305E-2
3.577083333E-2,9.667471051E-2
3.579166667E-2,1.026536971E-1
3.581250000E-2,1.144496500E-1
3.583333333E-2,1.223271564E-1
3.585416667E-2,1.200992465E-1
3.587500000E-2,1.141197309E-1
3.589583333E-2,1.129994541E-1
3.591666667E-2,1.172561496E-1
3.593750000E-2,1.241432577E-1
3.595833333E-2,1.295700818E-1
3.597916667E-2,1.303160191E-1
3.600000000E-2,1.279650033E-1
3.602083333E-2,1.233787835E-1
3.604166667E-2,1.177529544E-1
3.606250000E-2,1.141966656E-1
3.608333333E-2,1.124932095E-1
3.610416667E-2,1.122133732E-1
3.612500000E-2,1.143375859E-1
3.614583333E-2,1.198756918E-1
3.616666667E-2,1.292283386E-1
3.618750000E-2,1.374773532E-1
3.620833333E-2,1.377992332E-1
3.622916667E-2,1.313669384E-1
3.625000000E-2,1.256358624E-1
3.627083333E-2,1.243230999E-1
3.629166667E-2,1.255934387E-1
3.631250000E-2,1.256798953E-1
3.633333333E-2,1.231214181E-1
3.635416667E-2,1.225707904E-1
3.637500000E-2,1.267973781E-1
3.639583333E-2,1.306562424E-1
3.641666667E-2,1.299504340E-1
3.643750000E-2,1.265195161E-1
3.645833333E-2,1.244130582E-1
3.647916667E-2,1.251830757E-1
3.650000000E-2,1.267656833E-1
3.652083333E-2,1.267189533E-1
3.654166667E-2,1.249797046E-1
3.656250000E-2,1.245690435E-1
3.658333333E-2,1.274368763E-1
3.660416667E-2,1.302786022E-1
3.662500000E-2,1.309168339E-1
3.664583333E-2,1.310230047E-1
3.666666667E-2,1.302928180E-1
3.668750000E-2,1.290032566E-1
3.670833333E-2,1.277889907E-1
3.672916667E-2,1.246166378E-1
3.675000000E-2,1.204658821E-1
3.677083333E-2,1.173322573E-1
3.679166667E-2,1.160114110E-1
3.681250000E-2,1.176241487E-1
3.683333333E-2,1.190945357E-1
3.685416667E-2,1.171295792E-1
3.687500000E-2,1.124734730E-1
3.689583333E-2,1.082407087E-1
3.691666667E-2,1.095848531E-1
3.693750000E-2,1.158528849E-1
3.695833333E-2,1.184558347E-1
3.697916667E-2,1.133668870E-1
3.700000000E-2,1.059907377E-1
3.702083333E-2,1.013674736E-1
3.704166667E-2,1.000783145E-1
3.706250000E-2,1.026780531E-1
3.708333333E-2,1.071354002E-1
3.710416667E-2,1.100576073E-1
3.712500000E-2,1.131899953E-1
3.714583333E-2,1.184485927E-1
3.716666667E-2,1.211424619E-1
3.718750000E-2,1.144761443E-1
3.720833333E-2,1.005330086E-1
3.722916667E-2,9.044924378E-2
3.725000000E-2,9.113325924E-2
3.727083333E-2,9.960304201E-2
3.729166667E-2,1.082974374E-1
3.731250000E-2,1.119650006E-1
3.733333333E-2,1.119578779E-1
3.735416667E-2,1.109114960E-1
3.737500000E-2,1.067894101E-1
3.739583333E-2,9.967962652E-2
3.741666667E-2,9.488645196E-2
3.743750000E-2,9.662039578E-2
3.745833333E-2,1.062063053E-1
3.747916667E-2,1.182828322E-1
3.750000000E-2,1.234944761E-1
3.752083333E-2,1.200468019E-1
3.754166667E-2,1.120017022E-1
3.756250000E-2,1.058515906E-1
3.758333333E-2,1.067813486E-1
3.760416667E-2,1.112263203E-1
3.762500000E-2,1.151139289E-1
3.764583333E-2,1.189885288E-1
3.766666667E-2,1.219310313E-1
3.768750000E-2,1.225560904E-1
3.770833333E-2,1.189803034E-1
3.772916667E-2,1.105316132E-1
3.775000000E-2,1.028622836E-1
3.777083333E-2,1.013893187E-1
3.779166667E-2,1.061659008E-1
3.781250000E-2,1.155949086E-1
3.783333333E-2,1.249406263E-1
3.785416667E-2,1.277452856E-1
3.787500000E-2,1.227233335E-1
3.789583333E-2,1.156074852E-1
3.791666667E-2,1.136181206E-1
3.793750000E-2,1.152471900E-1
3.795833333E-2,1.138393730E-1
3.797916667E-2,1.086985469E-1
3.800000000E-2,1.039838567E-1
3.802083333E-2,1.046958193E-1
3.804166667E-2,1.113927364E-1
3.806250000E-2,1.188414991E-1
3.808333333E-2,1.217133105E-1
3.810416667E-2,1.187445670E-1
3.812500000E-2,1.152208894E-1
3.814583333E-2,1.156276166E-1
3.816666667E-2,1.168332472E-1
3.818750000E-2,1.137378365E-1
3.820833333E-2,1.062167287E-1
3.822916667E-2,1.012756750E-1
3.825000000E-2,1.054868102E-1
3.827083333E-2,1.163259074E-1
3.829166667E-2,1.236367971E-1
3.831250000E-2,1.204904392E-1
3.833333333E-2,1.121638864E-1
3.835416667E-2,1.066862792E-1
3.837500000E-2,1.034320891E-1
3.839583333E-2,9.819494188E-2
3.841666667E-2,9.225533903E-2
3.843750000E-2,9.206624329E-2
3.845833333E-2,1.002283394E-1
3.847916667E-2,1.102900505E-1
3.850000000E-2,1.124371141E-1
3.852083333E-2,1.038006395E-1
3.854166667E-2,9.135477990E-2
3.856250000E-2,8.426406980E-2
3.858333333E-2,8.486274630E-2
3.860416667E-2,8.879978955E-2
3.862500000E-2,9.184403718E-2
3.864583333E-2,9.226715565E-2
3.866666667E-2,9.249194711E-2
3.868750000E-2,9.473724663E-2
3.870833333E-2,9.575738013E-2
3.872916667E-2,9.579682350E-2
3.875000000E-2,9.701167047E-2
3.877083333E-2,9.751986712E-2
3.879166667E-2,9.704451263E-2
3.881250000E-2,9.435442090E-2
3.883333333E-2,8.881315589E-2
3.885416667E-2,8.352814615E-2
3.887500000E-2,7.886719704E-2
3.889583333E-2,7.589511573E-2
3.891666667E-2,7.897084206E-2
3.893750000E-2,8.843763173E-2
3.895833333E-2,9.876158834E-2
3.897916667E-2,1.024007499E-1
3.900000000E-2,9.657782316E-2
3.902083333E-2,8.736677468E-2
3.904166667E-2,8.201683313E-2
3.906250000E-2,8.099306375E-2
3.908333333E-2,8.124899864E-2
3.910416667E-2,8.066135645E-2
3.912500000E-2,7.988654822E-2
3.914583333E-2,8.208768070E-2
3.916666667E-2,8.628916740E-2
3.918750000E-2,8.674843609E-2
3.920833333E-2,8.173014969E-2
3.922916667E-2,7.477894425E-2
3.925000000E-2,7.005022466E-2
3.927083333E-2,6.887789071E-2
3.929166667E-2,6.925026327E-2
3.931250000E-2,7.123789936E-2
3.933333333E-2,7.584973425E-2
3.935416667E-2,8.075149357E-2
3.937500000E-2,8.324299753E-2
3.939583333E-2,8.063784987E-2
3.941666667E-2,7.359485328E-2
3.943750000E-2,6.747959554E-2
3.945833333E-2,6.505766511E-2
3.947916667E-2,6.572392583E-2
3.950000000E-2,6.847791374E-2
3.952083333E-2,7.250441611E-2
3.954166667E-2,7.477234304E-2
3.956250000E-2,7.273590565E-2
3.958333333E-2,6.861234456E-2
3.960416667E-2,6.322605908E-2
3.962500000E-2,5.924929306E-2
3.964583333E-2,6.082218140E-2
3.966666667E-2,6.388825178E-2
3.968750000E-2,6.544025242E-2
3.970833333E-2,6.700707227E-2
3.972916667E-2,6.812986732E-2
3.975000000E-2,6.718130410E-2
3.977083333E-2,6.282386184E-2
3.979166667E-2,5.874092504E-2
3.981250000E-2,5.926353112E-2
3.983333333E-2,6.303233653E-2
3.985416667E-2,6.688295305E-2
3.987500000E-2,6.627419591E-2
3.989583333E-2,5.949803069E-2
3.991666667E-2,5.048054084E-2
3.993750000E-2,4.374017566E-2
3.995833333E-2,4.202743620E-2
3.997916667E-2,4.429138079E-2
4.000000000E-2,5.020171031E-2
4.002083333E-2,6.127551198E-2
4.004166667E-2,7.190289348E-2
4.006250000E-2,7.396073639E-2
4.008333333E-2,6.545384228E-2
4.010416667E-2,5.068311468E-2
4.012500000E-2,3.877727687E-2
4.014583333E-2,3.578904271E-2
4.016666667E-2,4.036542028E-2
4.018750000E-2,4.705293477E-2
4.020833333E-2,5.091626942E-2
4.022916667E-2,5.258012563E-2
4.025000000E-2,5.295968801E-2
4.027083333E-2,4.903481528E-2
4.029166667E-2,4.036595300E-2
4.031250000E-2,3.078521602E-2
4.033333333E-2,2.690919302E-2
4.035416667E-2,3.243335709E-2
4.037500000E-2,4.108309001E-2
4.039583333E-2,4.483161122E-2
4.041666667E-2,4.223993048E-2
4.043750000E-2,3.711938113E-2
4.045833333E-2,3.576063365E-2
4.047916667E-2,3.818995878E-2
4.050000000E-2,3.900575638E-2
4.052083333E-2,3.746792674E-2
4.054166667E-2,3.475991264E-2
4.056250000E-2,3.200731054E-2
4.058333333E-2,3.053728119E-2
4.060416667E-2,2.936072461E-2
4.062500000E-2,2.857697383E-2
4.064583333E-2,2.862268314E-2
4.066666667E-2,2.981386334E-2
4.068750000E-2,3.273588419E-2
4.070833333E-2,3.462880850E-2
4.072916667E-2,3.357607871E-2
4.075000000E-2,3.114999644E-2
4.077083333E-2,2.971551940E-2
4.079166667E-2,3.087100759E-2
4.081250000E-2,3.408750892E-2
4.083333333E-2,3.663817048E-2
4.085416667E-2,3.394562006E-2
4.087500000E-2,2.770433575E-2
4.089583333E-2,2.776557393E-2
4.091666667E-2,3.696029261E-2
4.093750000E-2,4.723247513E-2
4.095833333E-2,4.979083315E-2
4.097916667E-2,4.290986806E-2
4.100000000E-2,3.421566635E-2
4.102083333E-2,3.175278381E-2
4.104166667E-2,3.384917974E-2
4.106250000E-2,3.515435755E-2
4.108333333E-2,3.654171899E-2
4.110416667E-2,4.151802883E-2
4.112500000E-2,4.823748395E-2
4.114583333E-2,4.844001681E-2
4.116666667E-2,3.781285882E-2
4.118750000E-2,2.639810741E-2
4.120833333E-2,2.788966335E-2
4.122916667E-2,4.201470688E-2
4.125000000E-2,5.445205793E-2
4.127083333E-2,5.324262008E-2
4.129166667E-2,4.175929353E-2
4.131250000E-2,3.251067922E-2
4.133333333E-2,3.332246095E-2
4.135416667E-2,3.911715001E-2
4.137500000E-2,4.015424103E-2
4.139583333E-2,3.706688434E-2
4.141666667E-2,3.571847081E-2
4.143750000E-2,3.817617148E-2
4.145833333E-2,4.134386778E-2
4.147916667E-2,3.968822584E-2
4.150000000E-2,3.600375354E-2
4.152083333E-2,3.684487194E-2
4.154166667E-2,4.192034528E-2
4.156250000E-2,4.687512293E-2
4.158333333E-2,4.518489167E-2
4.160416667E-2,3.475385159E-2
4.162500000E-2,2.202966809E-2
4.164583333E-2,1.602579094E-2
4.166666667E-2,2.155044302E-2
4.168750000E-2,3.210713714E-2
4.170833333E-2,3.788149357E-2
4.172916667E-2,3.819110990E-2
4.175000000E-2,3.796342760E-2
4.177083333E-2,4.054424167E-2
4.179166667E-2,4.368898273E-2
4.181250000E-2,4.228036851E-2
4.183333333E-2,3.402207792E-2
4.185416667E-2,2.379937470E-2
4.187500000E-2,2.162760124E-2
4.189583333E-2,2.812325954E-2
4.191666667E-2,3.278207034E-2
4.193750000E-2,2.910248376E-2
4.195833333E-2,2.276602574E-2
4.197916667E-2,2.530327067E-2
4.200000000E-2,3.789021447E-2
4.202083333E-2,4.830335081E-2
4.204166667E-2,4.530717805E-2
4.206250000E-2,3.180016205E-2
4.208333333E-2,2.300681546E-2
4.210416667E-2,2.660013549E-2
4.212500000E-2,3.463134170E-2
4.214583333E-2,3.753222153E-2
4.216666667E-2,3.367074579E-2
4.218750000E-2,2.872745134E-2
4.220833333E-2,2.829343081E-2
4.222916667E-2,3.077772260E-2
4.225000000E-2,3.136377782E-2
4.227083333E-2,2.992775291E-2
4.229166667E-2,3.202618286E-2
4.231250000E-2,4.051840678E-2
4.233333333E-2,4.856386781E-2
4.235416667E-2,4.665223882E-2
4.237500000E-2,3.430224955E-2
4.239583333E-2,1.995551586E-2
4.241666667E-2,1.089996099E-2
4.243750000E-2,8.913148195E-3
4.245833333E-2,1.305379439E-2
4.247916667E-2,1.977036521E-2
4.250000000E-2,2.459834702E-2
4.252083333E-2,2.502088994E-2
4.254166667E-2,1.996144280E-2
4.256250000E-2,1.067495905E-2
4.258333333E-2,1.300566830E-3
4.260416667E-2,-3.848654218E-3
4.262500000E-2,-4.287349060E-3
4.264583333E-2,-1.477939542E-3
4.266666667E-2,""